feature,or,ci_lower,ci_upper,p_value,adjusted_p_value
"Subdural hemorrhage following injury without mention of open intracranial wound, with prolonged (more than 24 hours) loss of consciousness without return to pre-existing conscious level",389.992,28.786,5283.554,0.0,0.0
Cardiac arrest,219.579,159.608,302.084,0.0,0.0
Brain death,112.776,13.42,947.7,0.0,0.0
Encounter for palliative care,98.037,83.158,115.579,0.0,0.0
Transient visual loss,96.115,45.581,202.676,0.0,0.0
"Renal sclerosis, unspecified",69.832,43.918,111.037,0.0,0.0
Unspecified intracranial hemorrhage,59.517,32.956,107.486,0.0,0.0
Acute maxillary sinusitis,37.234,12.361,112.163,0.0,0.0
Chronic glomerulonephritis with unspecified pathological lesion in kidney,36.298,15.767,83.561,0.0,0.0
"Abdominal aneurysm, ruptured",30.897,14.75,64.718,0.0,0.0
"Postoperative shock, cardiogenic",28.644,15.669,52.365,0.0,0.0
Influenza due to identified avian influenza virus with other respiratory manifestations,26.001,11.719,57.689,0.0,0.0
Other abnormality of urination,25.949,13.064,51.54,0.0,0.0
Intracerebral hemorrhage,25.845,21.83,30.598,0.0,0.0
Non-pressure chronic ulcer of other part of right foot with other specified severity,25.702,6.97,94.777,0.0,0.0
Ulcer of thigh,22.749,9.761,53.016,0.0,0.0
"Acute myeloid leukemia, in relapse",21.79,13.21,35.943,0.0,0.0
"Viral hepatitis B with hepatic coma, acute or unspecified, without mention of hepatitis delta",21.682,7.213,65.18,0.0,0.0
"Unspecified drug dependence, unspecified",20.961,7.809,56.266,0.0,0.0
Acute and chronic respiratory failure,20.659,14.435,29.569,0.0,0.0
"Dissection of aorta, thoracoabdominal",19.304,10.085,36.951,0.0,0.0
"Diverticulum of esophagus, acquired",19.242,10.828,34.194,0.0,0.0
Personal history of lymphoid leukemia,18.786,6.988,50.506,0.0,0.0
"Chronic osteomyelitis, pelvic region and thigh",18.698,8.642,40.459,0.0,0.0
Compression of brain,18.456,14.695,23.18,0.0,0.0
Cardiogenic shock,17.676,14.054,22.231,0.0,0.0
"Acute myocardial infarction of other specified sites, initial episode of care",17.569,6.401,48.223,0.0,0.0
"Other and unspecified intracranial hemorrhage following injury without mention of open intracranial wound, unspecified state of consciousness",17.257,7.505,39.68,0.0,0.0
"Extradural hemorrhage following injury without mention of open intracranial wound, with no loss of consciousness",16.868,5.507,51.669,0.0,0.0
"Acquired absence of organ, eye",16.535,6.087,44.913,0.0,0.0
Ventricular fibrillation,16.153,11.4,22.889,0.0,0.0
"Other malignant lymphomas, lymph nodes of head, face, and neck",15.59,8.568,28.367,0.0,0.0
Other antiprotozoal drugs causing adverse effects in therapeutic use,14.971,6.034,37.143,0.0,0.0
"Shock, unspecified",14.815,10.196,21.528,0.0,0.0
Tachypnea,13.911,8.719,22.195,0.0,0.0
Rupture of artery,13.594,4.102,45.056,0.0,0.0
"Closed fracture of base of skull with subarachnoid, subdural, and extradural hemorrhage, unspecified state of consciousness",13.321,5.826,30.46,0.0,0.0
Subarachnoid hemorrhage,13.245,10.287,17.053,0.0,0.0
"Benign neoplasm of duodenum, jejunum, and ileum",13.085,7.095,24.134,0.0,0.0
C5-C7 level with central cord syndrome,12.823,3.371,48.786,0.0,0.0
Malignant neoplasm of other specified part of esophagus,12.749,7.558,21.507,0.0,0.0
Do not resuscitate status,12.66,11.742,13.649,0.0,0.0
"Acute myeloid leukemia, without mention of having achieved remission",12.558,9.552,16.51,0.0,0.0
Acute respiratory failure,12.413,11.064,13.927,0.0,0.0
Lesion of lateral popliteal nerve,12.158,4.578,32.289,0.0,0.0
"Dissection of aorta, thoracic",12.151,8.282,17.829,0.0,0.0
Acquired cardiac septal defect,12.054,3.69,39.376,0.0,0.0
Left heart failure,11.983,5.499,26.11,0.0,0.0
Acute cor pulmonale,11.973,5.221,27.457,0.0,0.0
Other specified dermatoses,11.953,3.608,39.604,0.0,0.0
"Complications affecting other specified body systems, not elsewhere classified",11.942,5.001,28.517,0.0,0.0
Other somatoform disorders,11.35,3.468,37.148,0.0,0.0
Open fracture of shaft of tibia alone,11.32,4.475,28.635,0.0,0.0
Traumatic shock,11.123,5.499,22.5,0.0,0.0
Contact dermatitis and other eczema due to drugs and medicines in contact with skin,11.112,3.07,40.219,0.0,0.0
Defibrination syndrome,10.95,6.942,17.273,0.0,0.0
Kyphosis associated with other conditions,10.839,4.165,28.206,0.0,0.0
Tabes dorsalis,10.66,4.516,25.163,0.0,0.0
Scabies,10.416,3.908,27.762,0.0,0.0
Respiratory arrest,10.334,3.509,30.437,0.0,0.0
Lung involvement in other diseases classified elsewhere,10.177,6.198,16.712,0.0,0.0
Anoxic brain damage,9.742,6.209,15.284,0.0,0.0
Hemophagocytic syndromes,9.679,4.421,21.187,0.0,0.0
Other specified diseases of pulmonary circulation,9.65,3.691,25.225,0.0,0.0
Ulcer of esophagus with bleeding,9.647,5.121,18.172,0.0,0.0
"Other pulmonary insufficiency, not elsewhere classified",9.628,6.871,13.491,0.0,0.0
"Muscular wasting and disuse atrophy, not elsewhere classified",9.613,3.526,26.206,0.0,0.0
Acute on chronic graft-versus-host disease,9.592,2.896,31.775,0.0,0.0
Malignant neoplasm of other parts of bronchus or lung,9.576,7.48,12.258,0.0,0.0
"Malignant neoplasm of uterus, part unspecified",9.398,4.076,21.667,0.0,0.0
"Closed fracture of mandible, unspecified site",9.198,2.956,28.627,0.0,0.0
"Paralysis, unspecified",8.957,3.467,23.137,0.0,0.0
Senile dementia with delirium,8.682,4.053,18.599,0.0,0.0
Other shock without mention of trauma,8.622,6.715,11.072,0.0,0.0
Acute and chronic respiratory failure following trauma and surgery,8.613,6.492,11.428,0.0,0.0
Other specified disorders of male genital organs,8.604,3.333,22.209,0.0,0.0
"Generalized convulsive epilepsy, with intractable epilepsy",8.528,4.152,17.518,0.0,0.0
Brain conditions nec,8.499,4.4,16.417,0.0,0.0
Disturbances of sensation of smell and taste,8.349,2.978,23.408,0.0,0.0
Closed fracture of midcervical section of neck of femur,8.233,3.774,17.96,0.0,0.0
"Renal failure, unspecified",8.159,3.995,16.663,0.0,0.0
Opiate antagonists causing adverse effects in therapeutic use,7.984,2.563,24.87,0.0,0.0
Atherosclerosis of autologous vein bypass graft of the extremities,7.963,5.048,12.562,0.0,0.0
Closed fracture of first cervical vertebra,7.888,4.761,13.07,0.0,0.0
"Burkitt's tumor or lymphoma, unspecified site, extranodal and solid organ sites",7.803,3.883,15.681,0.0,0.0
Malignant neoplasm of lower third of esophagus,7.748,3.641,16.488,0.0,0.0
Ventricular septal defect,7.507,3.232,17.436,0.0,0.0
"Closed fracture of vault of skull without mention of intracranial injury, unspecified state of consciousness",7.475,2.768,20.188,0.0,0.0
"Foreign body in respiratory tree, unspecified",7.459,4.598,12.1,0.0,0.0
"Septicemia due to gram-negative organism, unspecified",7.447,3.693,15.015,0.0,0.0
"Narcolepsy, without cataplexy",7.385,3.407,16.011,0.0,0.0
Flaccid hemiplegia and hemiparesis affecting unspecified side,7.384,3.17,17.201,0.0,0.0
Closed fracture of third cervical vertebra,7.292,3.447,15.424,0.0,0.0
Infected postoperative seroma,7.253,3.436,15.313,0.0,0.0
Acute pulmonary manifestations due to radiation,7.073,2.471,20.245,0.0,0.0
Other specified disorders resulting from impaired renal function,6.935,3.674,13.092,0.0,0.0
Other specified disorders of the teeth and supporting structures,6.849,3.545,13.231,0.0,0.0
"Quadriplegia, unspecified",6.828,4.108,11.348,0.0,0.0
Synovial cyst of popliteal space,6.769,3.583,12.789,0.0,0.0
"Other pulmonary insufficiency, not elsewhere classified, following trauma and surgery",6.749,3.991,11.414,0.0,0.0
Accidental fall from commode,6.547,3.634,11.793,0.0,0.0
"Acute myocardial infarction of inferolateral wall, initial episode of care",6.391,4.151,9.84,0.0,0.0
Other suppurative peritonitis,6.249,3.387,11.531,0.0,0.0
"Bronchopneumonia, organism unspecified",6.24,2.296,16.961,0.0,0.0
Aftercare for healing traumatic fracture of upper arm,6.188,3.171,12.075,0.0,0.0
Contusion of orbital tissues,6.152,3.385,11.179,0.0,0.0
"Acute myocardial infarction of unspecified site, initial episode of care",6.015,3.778,9.576,0.0,0.0
Macroglobulinemia,5.982,3.272,10.936,0.0,0.0
Acute vascular insufficiency of intestine,5.978,4.391,8.137,0.0,0.0
"Postoperative shock, not elsewhere classified",5.975,2.954,12.084,0.0,0.0
Vascular complications of other vessels,5.94,2.539,13.894,0.0,0.0
"Reticulosarcoma, unspecified site, extranodal and solid organ sites",5.922,3.808,9.209,0.0,0.0
Systemic inflammatory response syndrome due to noninfectious process with acute organ dysfunction,5.909,2.332,14.969,0.0,0.0
Functional disturbances following cardiac surgery,5.893,3.689,9.413,0.0,0.0
Perforation of intestine,5.892,3.813,9.106,0.0,0.0
"Hodgkin's disease, unspecified type, unspecified site, extranodal and solid organ sites",5.879,3.898,8.867,0.0,0.0
Malignant neoplasm of specified parts of peritoneum,5.859,2.555,13.437,0.0,0.0
Chronic vascular insufficiency of intestine,5.763,4.018,8.267,0.0,0.0
Cardiotonic glycosides and drugs of similar action causing adverse effects in therapeutic use,5.741,2.884,11.429,0.0,0.0
"Intracranial injury of other and unspecified nature without mention of open intracranial wound, with no loss of consciousness",5.649,2.178,14.648,0.0,0.0
Nutritional and metabolic cardiomyopathy,5.631,2.469,12.843,0.0,0.0
Closed fracture of seven ribs,5.598,2.325,13.482,0.0,0.0
"Accidental puncture or laceration during a procedure, not elsewhere classified",5.52,3.973,7.67,0.0,0.0
Tumor lysis syndrome,5.487,3.108,9.688,0.0,0.0
Acute respiratory failure following trauma and surgery,5.46,4.766,6.254,0.0,0.0
"Cerebral artery occlusion, unspecified with cerebral infarction",5.458,4.558,6.535,0.0,0.0
"Calculus of bile duct with other cholecystitis, with obstruction",5.42,2.319,12.665,0.0,0.0
"Acquired hemolytic anemia, unspecified",5.404,3.367,8.674,0.0,0.0
Cerebral degeneration in diseases classified elsewhere,5.353,2.204,13.005,0.0,0.0
Accidental fall on or from other stairs or steps,5.352,4.337,6.604,0.0,0.0
Accidental fall on or from sidewalk curb,5.299,2.551,11.008,0.0,0.0
Mechanical complication of colostomy and enterostomy,5.261,2.578,10.738,0.0,0.0
Closed fracture of one or more phalanges of foot,5.097,2.306,11.268,0.0,0.0
"Hemarthrosis, lower leg",5.083,2.069,12.486,0.0,0.0
Acute kidney failure with other specified pathological lesion in kidney,4.964,2.472,9.97,0.0,0.0
"Esophageal varices in diseases classified elsewhere, with bleeding",4.931,3.348,7.264,0.0,0.0
Overflow incontinence,4.859,2.023,11.672,0.0,0.0
Mitral valve insufficiency and aortic valve insufficiency,4.775,3.362,6.782,0.0,0.0
Other sequelae of chronic liver disease,4.771,3.717,6.124,0.0,0.0
Other specified noninflammatory disorders of vagina,4.733,2.81,7.972,0.0,0.0
Pulmonary insufficiency following trauma and surgery,4.625,3.372,6.342,0.0,0.0
Primary pulmonary hypertension,4.581,3.268,6.422,0.0,0.0
Hematemesis,4.575,3.486,6.005,0.0,0.0
"Acute lymphoid leukemia, without mention of having achieved remission",4.569,2.862,7.292,0.0,0.0
Sepsis,4.464,3.569,5.583,0.0,0.0
Subdural hemorrhage,4.404,3.388,5.725,0.0,0.0
Other thalassemia,4.36,2.396,7.933,0.0,0.0
Unspecified disorder of stomach and duodenum,4.339,2.072,9.088,0.0,0.0
Aftercare for healing traumatic fracture of other bone,4.276,2.677,6.831,0.0,0.0
Accidental fall from wheelchair,4.272,2.631,6.937,0.0,0.0
Unspecified vascular insufficiency of intestine,4.26,2.961,6.129,0.0,0.0
"Other malignant lymphomas, unspecified site, extranodal and solid organ sites",4.191,3.419,5.138,0.0,0.0
Arterial embolism and thrombosis of upper extremity,4.19,2.291,7.665,0.0,0.0
"Stomatitis and mucositis, unspecified",4.168,2.784,6.242,0.0,0.0
Chronic ulcer of unspecified site,4.166,1.983,8.752,0.0,0.0
"Multiple myeloma, in relapse",4.164,2.172,7.982,0.0,0.0
Thoracic aortic ectasia,4.159,1.945,8.895,0.0,0.0
Hypothermia not associated with low environmental temperature,4.088,2.519,6.636,0.0,0.0
Dementia with lewy bodies,4.066,2.704,6.114,0.0,0.0
Angiodysplasia of intestine with hemorrhage,4.064,2.36,6.996,0.0,0.0
Acute apical periodontitis of pulpal origin,4.056,1.873,8.783,0.0,0.0
Coronary vasodilators causing adverse effects in therapeutic use,3.975,1.856,8.511,0.0,0.0
Systemic sclerosis,3.972,2.572,6.134,0.0,0.0
Other specified disorders of esophagus,3.954,1.826,8.563,0.0,0.0
"Aspiration of fluid as the cause of abnormal reaction of patient, or of later complication, without mention of misadventure at time of procedure",3.936,1.987,7.794,0.0,0.0
"Staphylococcus infection in conditions classified elsewhere and of unspecified site, staphylococcus, unspecified",3.924,2.181,7.058,0.0,0.0
Heparin-induced thrombocytopenia (HIT),3.918,2.414,6.361,0.0,0.0
Acute venous embolism and thrombosis of subclavian veins,3.912,2.243,6.824,0.0,0.0
Pemphigoid,3.884,2.023,7.46,0.0,0.0
"Open-angle glaucoma, unspecified",3.851,1.934,7.671,0.0,0.0
Secondary and unspecified malignant neoplasm of lymph nodes of multiple sites,3.83,2.545,5.764,0.0,0.0
Diabetes insipidus,3.817,1.881,7.746,0.0,0.0
"Hemorrhage, unspecified",3.801,2.155,6.707,0.0,0.0
"Subarachnoid hemorrhage following injury without mention of open intracranial wound, with brief (less than one hour) loss of consciousness",3.792,2.003,7.179,0.0,0.0
"Multiple myeloma, without mention of having achieved remission",3.784,3.058,4.682,0.0,0.0
Other specified aftercare,3.782,2.397,5.968,0.0,0.0
"Reticulosarcoma, lymph nodes of multiple sites",3.765,1.968,7.201,0.0,0.0
Unspecified accident,3.732,2.791,4.99,0.0,0.0
Procedure not carried out for other reasons,3.718,2.324,5.946,0.0,0.0
"Chondrocalcinosis, unspecified, site unspecified",3.683,1.808,7.5,0.0,0.0
"Hemorrhage of gastrointestinal tract, unspecified",3.638,3.047,4.344,0.0,0.0
"Other and unspecified disc disorder, lumbar region",3.578,2.013,6.36,0.0,0.0
Closed fracture of four ribs,3.575,1.977,6.462,0.0,0.0
"Subdural hemorrhage following injury without mention of open intracranial wound, with loss of consciousness of unspecified duration",3.568,2.324,5.479,0.0,0.0
Chronic hypotension,3.551,2.366,5.328,0.0,0.0
Methicillin resistant Staphylococcus aureus septicemia,3.522,2.214,5.602,0.0,0.0
Aneurysm of artery of lower extremity,3.517,2.343,5.281,0.0,0.0
"Alcoholic liver damage, unspecified",3.465,2.104,5.705,0.0,0.0
"Viremia, unspecified",3.437,2.038,5.799,0.0,0.0
Hypotension of hemodialysis,3.414,2.088,5.581,0.0,0.0
Pneumonitis due to inhalation of food or vomitus,3.407,3.017,3.847,0.0,0.0
"Other complications due to renal dialysis device, implant, and graft",3.382,2.625,4.359,0.0,0.0
Bladder neck obstruction,3.379,1.987,5.744,0.0,0.0
Other spontaneous pneumothorax,3.358,1.926,5.856,0.0,0.0
Arterial embolism and thrombosis of lower extremity,3.351,2.383,4.712,0.0,0.0
"Pressure ulcer, unspecified stage",3.332,2.145,5.175,0.0,0.0
"Chronic or unspecified duodenal ulcer with hemorrhage, without mention of obstruction",3.33,2.2,5.038,0.0,0.0
Nonspecific low blood pressure reading,3.326,1.766,6.266,0.0,0.0
"Hypotension, unspecified",3.321,2.992,3.687,0.0,0.0
"Subdural hemorrhage following injury without mention of open intracranial wound, with no loss of consciousness",3.318,2.637,4.175,0.0,0.0
Severe sepsis,3.286,2.738,3.945,0.0,0.0
"Unspecified osteomyelitis, ankle and foot",3.283,2.059,5.233,0.0,0.0
Surgical or other procedure not carried out because of patient's decision,3.283,2.094,5.149,0.0,0.0
Unspecified transient mental disorder in conditions classified elsewhere,3.265,1.773,6.01,0.0,0.0
Acute kidney failure with lesion of tubular necrosis,3.25,2.793,3.783,0.0,0.0
"Chronic pulmonary heart disease, unspecified",3.234,1.74,6.011,0.0,0.0
Other finger(s) amputation status,3.232,1.73,6.036,0.0,0.0
Osteitis deformans without mention of bone tumor,3.216,1.767,5.854,0.0,0.0
Septic shock,3.183,2.664,3.802,0.0,0.0
Kyphosis (acquired) (postural),3.161,2.001,4.993,0.0,0.0
Unspecified fall,3.15,2.724,3.644,0.0,0.0
Other and unspecified postsurgical nonabsorption,3.107,1.92,5.027,0.0,0.0
Emphysematous bleb,3.087,2.312,4.121,0.0,0.0
Cachexia,3.084,2.485,3.827,0.0,0.0
Unspecified peritonitis,3.076,1.911,4.952,0.0,0.0
Secondary malignant neoplasm of pleura,3.06,2.261,4.142,0.0,0.0
Personal history of alcoholism,3.057,1.887,4.953,0.0,0.0
Thoracic aneurysm without mention of rupture,3.054,2.309,4.039,0.0,0.0
Obstructive hydrocephalus,3.046,2.32,4.0,0.0,0.0
Other anxiety states,3.032,1.961,4.687,0.0,0.0
Coma,3.016,1.72,5.289,0.0,0.0
Closed fracture of orbital floor (blow-out),2.98,1.832,4.846,0.0,0.0
Personal history of malignant neoplasm of brain,2.979,1.667,5.325,0.0,0.0
"Pressure ulcer, stage III",2.971,1.958,4.507,0.0,0.0
"Hypoglycemia, unspecified",2.919,2.131,3.999,0.0,0.0
"Subdural hemorrhage following injury without mention of open intracranial wound, unspecified state of consciousness",2.918,1.802,4.725,0.0,0.0
Secondary malignant neoplasm of other parts of nervous system,2.868,1.983,4.15,0.0,0.0
"Chronic osteomyelitis, ankle and foot",2.865,1.871,4.387,0.0,0.0
"Malignant neoplasm of liver, secondary",2.841,2.465,3.274,0.0,0.0
Diverticulosis of colon with hemorrhage,2.824,1.949,4.093,0.0,0.0
Other kyphoscoliosis and scoliosis,2.809,1.657,4.762,0.0,0.0
Malignant neoplasm of other specified sites of pancreas,2.776,1.844,4.179,0.0,0.0
"Infection and inflammatory reaction due to other internal orthopedic device, implant, and graft",2.751,1.586,4.771,0.0,0.0
Secondary malignant neoplasm of skin,2.748,1.602,4.715,0.0,0.0
Hemorrhage complicating a procedure,2.718,2.222,3.324,0.0,0.0
"Hemiplegia, unspecified, affecting unspecified side",2.696,2.04,3.563,0.0,0.0
Acute alcoholic hepatitis,2.668,1.973,3.608,0.0,0.0
"Other mechanical complication of other internal orthopedic device, implant, and graft",2.667,1.625,4.376,0.0,0.0
"Hemoptysis, unspecified",2.643,1.94,3.6,0.0,0.0
Accidental fall from chair,2.641,1.616,4.317,0.0,0.0
"Diabetes with ketoacidosis, type II or unspecified type, uncontrolled",2.63,1.551,4.459,0.0,0.0
Oliguria and anuria,2.629,1.961,3.526,0.0,0.0
Unspecified disorder of kidney and ureter,2.616,2.064,3.317,0.0,0.0
Acidosis,2.608,2.384,2.854,0.0,0.0
"Pressure ulcer, stage II",2.608,1.987,3.423,0.0,0.0
Spontaneous bacterial peritonitis,2.605,1.908,3.556,0.0,0.0
Hemorrhage of rectum and anus,2.572,1.882,3.514,0.0,0.0
Secondary malignant neoplasm of retroperitoneum and peritoneum,2.503,2.029,3.086,0.0,0.0
"Malignant neoplasm of bladder, part unspecified",2.478,1.699,3.616,0.0,0.0
Secondary thrombocytopenia,2.471,1.703,3.587,0.0,0.0
Hemoperitoneum (nontraumatic),2.437,1.645,3.611,0.0,0.0
Cerebral embolism with cerebral infarction,2.421,1.942,3.019,0.0,0.0
Unspecified septicemia,2.403,2.018,2.86,0.0,0.0
Other alteration of consciousness,2.403,1.964,2.941,0.0,0.0
"Diabetes with renal manifestations, type I (juvenile type), not stated as uncontrolled",2.382,1.554,3.651,0.0,0.0
"Hemiplegia, unspecified, affecting dominant side",2.374,1.483,3.8,0.0,0.0
Other persistent mental disorders due to conditions classified elsewhere,2.373,2.029,2.775,0.0,0.0
Other malignant neoplasm without specification of site,2.329,1.766,3.071,0.0,0.0
Postinflammatory pulmonary fibrosis,2.32,1.906,2.824,0.0,0.0
Cardiac tamponade,2.312,1.478,3.616,0.0,0.0
Other specified septicemias,2.308,1.615,3.297,0.0,0.0
Other disorders of plasma protein metabolism,2.302,1.693,3.129,0.0,0.0
"Malignant neoplasm of liver, primary",2.295,1.867,2.822,0.0,0.0
Acute and subacute bacterial endocarditis,2.278,1.613,3.218,0.0,0.0
"Body Mass Index 34.0-34.9, adult",2.267,1.465,3.51,0.0,0.0
"Hyperparathyroidism, unspecified",2.23,1.667,2.983,0.0,0.0
Paroxysmal ventricular tachycardia,2.229,1.905,2.608,0.0,0.0
"Acute kidney failure, unspecified",2.227,2.092,2.371,0.0,0.0
Atherosclerosis of aorta,2.184,1.567,3.045,0.0,0.0
Other and unspecified coagulation defects,2.172,1.832,2.576,0.0,0.0
Malignant ascites,2.167,1.577,2.977,0.0,0.0
Personal history of malignant neoplasm of bronchus and lung,2.166,1.787,2.625,0.0,0.0
Other late effects of cerebrovascular disease,2.153,1.756,2.639,0.0,0.0
"Neutropenia, unspecified",2.144,1.681,2.734,0.0,0.0
Other pulmonary embolism and infarction,2.144,1.809,2.54,0.0,0.0
"Diabetes with ophthalmic manifestations, type II or unspecified type, not stated as uncontrolled",2.141,1.634,2.805,0.0,0.0
Diseases of tricuspid valve,2.125,1.751,2.58,0.0,0.0
Adrenal cortical steroids causing adverse effects in therapeutic use,2.113,1.578,2.83,0.0,0.0
Nutritional marasmus,2.112,1.449,3.079,0.0,0.0
Fluid overload disorder,2.102,1.453,3.04,0.0,0.0
Other ascites,2.085,1.78,2.442,0.0,0.0
Hepatic encephalopathy,2.069,1.612,2.655,0.0,0.0
Unspecified cataract,2.045,1.554,2.692,0.0,0.0
"Pneumonia, organism unspecified",2.039,1.881,2.209,0.0,0.0
"Other dependence on machines, supplemental oxygen",2.011,1.737,2.329,0.0,0.0
Chronic respiratory failure,2.006,1.418,2.839,0.0,0.0
Hepatorenal syndrome,2.004,1.448,2.772,0.0,0.0
Cyst and pseudocyst of pancreas,2.003,1.487,2.698,0.0,0.0
"Rheumatic diseases of endocardium, valve unspecified",1.972,1.483,2.622,0.0,0.0
Loss of weight,1.969,1.602,2.42,0.0,0.0
Other left bundle branch block,1.956,1.591,2.405,0.0,0.0
"Chronic airway obstruction, not elsewhere classified",1.953,1.785,2.137,0.0,0.0
Alzheimer's disease,1.918,1.365,2.695,0.0,0.0
"Atherosclerosis of native arteries of the extremities, unspecified",1.904,1.504,2.409,0.0,0.0
"Myelodysplastic syndrome, unspecified",1.903,1.507,2.403,0.0,0.0
"Congestive heart failure, unspecified",1.893,1.712,2.093,0.0,0.0
Bacteremia of newborn,1.877,1.343,2.622,0.0,0.0
Acute and subacute necrosis of liver,1.871,1.456,2.403,0.0,0.0
Bacteremia,1.858,1.529,2.258,0.0,0.0
Pancytopenia,1.855,1.467,2.346,0.0,0.0
"Late effects of cerebrovascular disease, hemiplegia affecting nondominant side",1.843,1.322,2.569,0.0,0.0
"Fall from other slipping, tripping, or stumbling",1.814,1.528,2.153,0.0,0.0
Chronic pancreatitis,1.804,1.444,2.254,0.0,0.0
Peritoneal effusion (chronic),1.79,1.367,2.342,0.0,0.0
"Hypertensive chronic kidney disease, unspecified, with chronic kidney disease stage V or end stage renal disease",1.782,1.315,2.414,0.0,0.0
Unspecified intestinal obstruction,1.778,1.415,2.233,0.0,0.0
"Subendocardial infarction, initial episode of care",1.763,1.555,2.0,0.0,0.0
"Dementia, unspecified, without behavioral disturbance",1.751,1.473,2.082,0.0,0.0
Lumbosacral spondylosis without myelopathy,1.749,1.289,2.374,0.0,0.0
Secondary malignant neoplasm of bone and bone marrow,1.746,1.51,2.02,0.0,0.0
Secondary and unspecified malignant neoplasm of intra-abdominal lymph nodes,1.745,1.336,2.281,0.0,0.0
Secondary malignant neoplasm of lung,1.723,1.474,2.014,0.0,0.0
Other specified disorders of biliary tract,1.7,1.297,2.23,0.0,0.0
Chronic viral hepatitis B without mention of hepatic coma without mention of hepatitis delta,1.679,1.284,2.196,0.0,0.0
Hypoxemia,1.674,1.495,1.873,0.0,0.0
"Atrioventricular block, complete",1.665,1.304,2.126,0.0,0.0
Unspecified pleural effusion,1.636,1.437,1.862,0.0,0.0
Mixed acid-base balance disorder,1.627,1.261,2.1,0.0,0.0
Neoplasm related pain (acute) (chronic),1.612,1.345,1.933,0.0,0.0
Secondary and unspecified malignant neoplasm of intrathoracic lymph nodes,1.597,1.233,2.068,0.0,0.0
Lumbago,1.585,1.335,1.882,0.0,0.0
Unspecified inflammatory and toxic neuropathy,1.579,1.224,2.037,0.0,0.0
Obstruction of bile duct,1.579,1.284,1.941,0.0,0.0
"Encephalopathy, unspecified",1.577,1.343,1.852,0.0,0.0
Other disorders of neurohypophysis,1.567,1.279,1.921,0.0,0.0
Other emphysema,1.557,1.242,1.951,0.0,0.0
Adult failure to thrive,1.554,1.288,1.873,0.0,0.0
"Malignant neoplasm of bronchus and lung, unspecified",1.535,1.23,1.916,0.0,0.0
Atrial fibrillation,1.533,1.442,1.631,0.0,0.0
Occlusion and stenosis of carotid artery without mention of cerebral infarction,1.526,1.255,1.854,0.0,0.0
Other iatrogenic hypotension,1.523,1.315,1.766,0.0,0.0
Polymyalgia rheumatica,1.521,1.211,1.912,0.0,0.0
"Hypertensive chronic kidney disease, unspecified, with chronic kidney disease stage I through stage IV, or unspecified",1.517,1.301,1.769,0.0,0.0
"Pleurisy with effusion, with mention of a bacterial cause other than tuberculosis",1.489,1.205,1.84,0.0,0.0
Hyperpotassemia,1.472,1.328,1.63,0.0,0.0
Cirrhosis of liver without mention of alcohol,1.454,1.245,1.698,0.0,0.0
Cerebral edema,1.425,1.201,1.691,0.0,0.0
Intestinal infection due to Clostridium difficile,1.407,1.223,1.618,0.0,0.0
Personal history of malignant neoplasm of large intestine,1.358,1.163,1.585,0.0,0.0
Aortic valve disorders,1.351,1.206,1.514,0.0,0.0
Old myocardial infarction,1.339,1.222,1.467,0.0,0.0
Mitral valve disorders,1.307,1.154,1.481,0.0,0.0
"Peripheral vascular disease, unspecified",1.294,1.15,1.456,0.0,0.0
Personal history of venous thrombosis and embolism,1.279,1.154,1.417,0.0,0.0
Delirium due to conditions classified elsewhere,1.271,1.121,1.441,0.0,0.0
Hyposmolality and/or hyponatremia,1.258,1.158,1.367,0.0,0.0
"Diabetes mellitus without mention of complication, type II or unspecified type, not stated as uncontrolled",1.246,1.171,1.325,0.0,0.0
"Urinary tract infection, site not specified",1.187,1.094,1.288,0.0,0.0
Unspecified essential hypertension,1.177,1.113,1.243,0.0,0.0
Unspecified acquired hypothyroidism,1.17,1.097,1.249,0.0,0.0
"Asthma, unspecified type, unspecified",0.812,0.732,0.901,0.0,0.0
Hypertrophy (benign) of prostate without urinary obstruction and other lower urinary tract symptom (LUTS),0.808,0.729,0.895,0.0,0.0
Dehydration,0.802,0.72,0.894,0.0,0.0
Other and unspecified hyperlipidemia,0.783,0.742,0.826,0.0,0.0
Pulmonary collapse,0.759,0.659,0.875,0.0,0.0
"Osteoporosis, unspecified",0.737,0.664,0.819,0.0,0.0
"Constipation, unspecified",0.736,0.658,0.824,0.0,0.0
Unspecified glaucoma,0.735,0.637,0.849,0.0,0.0
Abnormal coagulation profile,0.733,0.622,0.865,0.0,0.0
"Chronic kidney disease, Stage III (moderate)",0.715,0.603,0.849,0.0,0.0
Esophageal reflux,0.708,0.666,0.752,0.0,0.0
"Dysphagia, unspecified",0.705,0.602,0.825,0.0,0.0
"Major depressive affective disorder, single episode, unspecified",0.699,0.621,0.786,0.0,0.0
Knee joint replacement,0.698,0.602,0.809,0.0,0.0
Long-term (current) use of anticoagulants,0.695,0.642,0.753,0.0,0.0
Home accidents,0.692,0.602,0.795,0.0,0.0
Portal hypertension,0.688,0.566,0.837,0.0,0.0
Long-term (current) use of insulin,0.678,0.615,0.748,0.0,0.0
Acute pancreatitis,0.677,0.55,0.832,0.0,0.0
Hypopotassemia,0.676,0.592,0.772,0.0,0.0
"Retention of urine, unspecified",0.674,0.587,0.774,0.0,0.0
Obstructive sleep apnea (adult)(pediatric),0.661,0.597,0.731,0.0,0.0
Acute posthemorrhagic anemia,0.659,0.593,0.733,0.0,0.0
"Depressive disorder, not elsewhere classified",0.658,0.602,0.719,0.0,0.0
"Other specified surgical operations and procedures causing abnormal patient reaction, or later complication, without mention of misadventure at time of operation",0.657,0.56,0.771,0.0,0.0
Chronic systolic heart failure,0.642,0.547,0.755,0.0,0.0
Examination of participant in clinical trial,0.641,0.54,0.76,0.0,0.0
"Anemia, unspecified",0.64,0.595,0.69,0.0,0.0
Personal history of tobacco use,0.639,0.598,0.682,0.0,0.0
Accidents occurring in unspecified place,0.635,0.55,0.734,0.0,0.0
Nonspecific elevation of levels of transaminase or lactic acid dehydrogenase (LDH),0.628,0.525,0.75,0.0,0.0
Malignant essential hypertension,0.615,0.56,0.675,0.0,0.0
Other specified retention of urine,0.615,0.479,0.79,0.0,0.0
Toxic encephalitis and encephalomyelitis,0.612,0.508,0.737,0.0,0.0
"Disorder of bone and cartilage, unspecified",0.61,0.489,0.762,0.0,0.0
"Esophageal varices in diseases classified elsewhere, without mention of bleeding",0.609,0.483,0.769,0.0,0.0
Orthostatic hypotension,0.608,0.498,0.742,0.0,0.0
Friedländer's bacillus infection in conditions classified elsewhere and of unspecified site,0.606,0.485,0.756,0.0,0.0
"Diabetes with neurological manifestations, type II or unspecified type, not stated as uncontrolled",0.604,0.487,0.75,0.0,0.0
"Venous (peripheral) insufficiency, unspecified",0.604,0.486,0.75,0.0,0.0
Unspecified hearing loss,0.602,0.471,0.77,0.0,0.0
Other secondary thrombocytopenia,0.6,0.491,0.733,0.0,0.0
Methicillin susceptible Staphylococcus aureus in conditions classified elsewhere and of unspecified site,0.599,0.463,0.775,0.0,0.0
Chronic diastolic heart failure,0.599,0.513,0.698,0.0,0.0
Morbid obesity,0.596,0.48,0.741,0.0,0.0
Nausea with vomiting,0.596,0.493,0.721,0.0,0.0
Long-term (current) use of aspirin,0.592,0.522,0.672,0.0,0.0
Iron deficiency anemia secondary to blood loss (chronic),0.591,0.474,0.737,0.0,0.0
"Body Mass Index less than 19, adult",0.586,0.462,0.745,0.0,0.0
Disorders of phosphorus metabolism,0.585,0.486,0.704,0.0,0.0
"Nephritis and nephropathy, not specified as acute or chronic, in diseases classified elsewhere",0.58,0.43,0.782,0.0,0.0
Dizziness and giddiness,0.571,0.428,0.763,0.0,0.0
Acute diastolic heart failure,0.565,0.422,0.755,0.0,0.0
"Obesity, unspecified",0.564,0.486,0.654,0.0,0.0
Other and unspecified Escherichia coli (E. coli),0.546,0.456,0.653,0.0,0.0
Acute venous embolism and thrombosis of deep vessels of proximal lower extremity,0.545,0.415,0.716,0.0,0.0
"Surgical operation with implant of artificial internal device causing abnormal patient reaction, or later complication,without mention of misadventure at time of operation",0.535,0.425,0.673,0.0,0.0
Cough,0.534,0.392,0.725,0.0,0.0
Accidents occurring in other specified places,0.532,0.401,0.705,0.0,0.0
Family history of ischemic heart disease,0.532,0.424,0.666,0.0,0.0
"Intestinal infection due to other organism, not elsewhere classified",0.529,0.378,0.741,0.0,0.0
Gastrostomy status,0.524,0.403,0.681,0.0,0.0
"Personal history of noncompliance with medical treatment, presenting hazards to health",0.523,0.434,0.63,0.0,0.0
Other primary cardiomyopathies,0.52,0.446,0.607,0.0,0.0
"Diastolic heart failure, unspecified",0.512,0.381,0.688,0.0,0.0
"Legal blindness, as defined in U.S.A.",0.511,0.377,0.692,0.0,0.0
Gastroparesis,0.509,0.365,0.71,0.0,0.0
"Insomnia, unspecified",0.509,0.432,0.599,0.0,0.0
Paroxysmal supraventricular tachycardia,0.508,0.391,0.66,0.0,0.0
Anemia in chronic kidney disease,0.502,0.436,0.577,0.0,0.0
Tobacco use disorder,0.501,0.456,0.55,0.0,0.0
Secondary malignant neoplasm of other digestive organs and spleen,0.499,0.348,0.716,0.0,0.0
Diarrhea,0.494,0.43,0.567,0.0,0.0
Obstructive chronic bronchitis with (acute) exacerbation,0.493,0.41,0.593,0.0,0.0
Proteus (mirabilis) (morganii) infection in conditions classified elsewhere and of unspecified site,0.491,0.35,0.689,0.0,0.0
Awaiting organ transplant status,0.49,0.366,0.656,0.0,0.0
"Other specified procedures as the cause of abnormal reaction of patient, or of later complication, without mention of misadventure at time of procedure",0.485,0.41,0.574,0.0,0.0
"Pain in joint, shoulder region",0.471,0.327,0.679,0.0,0.0
Atherosclerosis of native arteries of the extremities with intermittent claudication,0.468,0.319,0.687,0.0,0.0
Other constipation,0.462,0.366,0.583,0.0,0.0
Rash and other nonspecific skin eruption,0.457,0.336,0.621,0.0,0.0
Personal history of urinary calculi,0.457,0.31,0.673,0.0,0.0
Unspecified deficiency anemia,0.456,0.351,0.593,0.0,0.0
Long-term (current) use of antiplatelet/antithrombotic,0.453,0.389,0.527,0.0,0.0
"Malignant neoplasm of breast (female), unspecified",0.45,0.302,0.669,0.0,0.0
Neurogenic bladder NOS,0.45,0.307,0.658,0.0,0.0
Peripheral stem cells replaced by transplant,0.448,0.315,0.638,0.0,0.0
Other esophagitis,0.447,0.286,0.699,0.0,0.0
Malignant neoplasm of ovary,0.431,0.277,0.67,0.0,0.0
"Body Mass Index between 19-24, adult",0.431,0.342,0.544,0.0,0.0
Edema,0.429,0.337,0.545,0.0,0.0
Raynaud's syndrome,0.427,0.272,0.671,0.0,0.0
"Other specified bacterial infections in conditions classified elsewhere and of unspecified site, other gram-negative organisms",0.426,0.291,0.624,0.0,0.0
"Alcohol abuse, unspecified",0.423,0.361,0.495,0.0,0.0
Other chronic nonalcoholic liver disease,0.421,0.327,0.542,0.0,0.0
Long QT syndrome,0.417,0.259,0.672,0.0,0.0
Other and unspecified noninfectious gastroenteritis and colitis,0.417,0.312,0.559,0.0,0.0
Cellulitis and abscess of trunk,0.417,0.285,0.611,0.0,0.0
Liver replaced by transplant,0.416,0.289,0.6,0.0,0.0
Closed fracture of lumbar vertebra without mention of spinal cord injury,0.414,0.28,0.612,0.0,0.0
Other problems related to lifestyle,0.412,0.293,0.58,0.0,0.0
"Surgical operation with anastomosis, bypass, or graft, with natural or artificial tissues used as implant causing abnormal patient reaction, or later complication, without mention of misadventure at time of operation",0.407,0.33,0.502,0.0,0.0
Heart valve replaced by transplant,0.405,0.316,0.518,0.0,0.0
Fitting and adjustment of automatic implantable cardiac defibrillator,0.403,0.246,0.662,0.0,0.0
"Cocaine abuse, unspecified",0.4,0.257,0.622,0.0,0.0
Other abnormal blood chemistry,0.4,0.284,0.564,0.0,0.0
Acute venous embolism and thrombosis of superficial veins of upper extremity,0.395,0.25,0.623,0.0,0.0
Headache,0.395,0.302,0.515,0.0,0.0
Benign essential hypertension,0.387,0.301,0.499,0.0,0.0
Other chest pain,0.387,0.31,0.483,0.0,0.0
Regional enteritis of unspecified site,0.383,0.273,0.538,0.0,0.0
Lack of housing,0.382,0.256,0.57,0.0,0.0
Therapeutic (nonsurgical) and rehabilitative anesthesiology devices associated with adverse incidents,0.381,0.292,0.497,0.0,0.0
"Gastric ulcer, unspecified as acute or chronic, without mention of hemorrhage or perforation, without mention of obstruction",0.38,0.237,0.607,0.0,0.0
"Secondary diabetes mellitus without mention of complication, not stated as uncontrolled, or unspecified",0.372,0.229,0.605,0.0,0.0
"Viral hepatitis B without mention of hepatic coma, acute or unspecified, without mention of hepatitis delta",0.369,0.235,0.58,0.0,0.0
Other acquired deformities of ankle and foot,0.365,0.219,0.607,0.0,0.0
"Osteoarthrosis, localized, primary, lower leg",0.364,0.219,0.607,0.0,0.0
Neurologic neglect syndrome,0.359,0.227,0.568,0.0,0.0
"Pain in joint, lower leg",0.358,0.226,0.569,0.0,0.0
Long term (current) use of oral hypoglycemic drugs,0.35,0.23,0.532,0.0,0.0
Malignant hypertensive heart disease with heart failure,0.347,0.287,0.42,0.0,0.0
Electrolyte and fluid disorders not elsewhere classified,0.346,0.215,0.557,0.0,0.0
Essential and other specified forms of tremor,0.344,0.21,0.564,0.0,0.0
Family history of malignant neoplasm of prostate,0.344,0.192,0.617,0.0,0.0
Nonspecific abnormal findings in stool contents,0.342,0.206,0.566,0.0,0.0
"Surgical operation with formation of external stoma causing abnormal patient reaction, or later complication, without mention of misadventure at time of operation",0.342,0.204,0.574,0.0,0.0
Personal history of tuberculosis,0.342,0.187,0.624,0.0,0.0
Nontoxic uninodular goiter,0.325,0.216,0.488,0.0,0.0
Acute venous embolism and thrombosis of deep veins of upper extremity,0.325,0.21,0.505,0.0,0.0
Abscess of liver,0.325,0.182,0.582,0.0,0.0
Calculus of kidney,0.325,0.223,0.472,0.0,0.0
"Cannabis abuse, unspecified",0.324,0.187,0.564,0.0,0.0
Candidiasis of skin and nails,0.323,0.175,0.593,0.0,0.0
"Body Mass Index 30.0-30.9, adult",0.322,0.171,0.607,0.0,0.0
Chronic total occlusion of artery of the extremities,0.321,0.192,0.537,0.0,0.0
Other specified vaccinations against streptococcus pneumoniae (pneumococcus),0.319,0.186,0.549,0.0,0.0
Drug induced constipation,0.317,0.186,0.54,0.0,0.0
Syncope and collapse,0.315,0.256,0.388,0.0,0.0
"Body Mass Index 27.0-27.9, adult",0.313,0.174,0.566,0.0,0.0
"Cellulitis and abscess of foot, except toes",0.311,0.194,0.5,0.0,0.0
"Abdominal pain, epigastric",0.309,0.188,0.505,0.0,0.0
Colostomy status,0.308,0.216,0.438,0.0,0.0
Other acute postoperative pain,0.307,0.192,0.493,0.0,0.0
"Body Mass Index 32.0-32.9, adult",0.302,0.168,0.543,0.0,0.0
Alcohol withdrawal,0.296,0.214,0.41,0.0,0.0
"Hepatitis, unspecified",0.294,0.168,0.513,0.0,0.0
Hypertensive urgency,0.293,0.152,0.566,0.0,0.0
Other specified antibiotics causing adverse effects in therapeutic use,0.292,0.177,0.481,0.0,0.0
"Diabetes mellitus without mention of complication, type II or unspecified type, uncontrolled",0.29,0.212,0.396,0.0,0.0
Attention deficit disorder with hyperactivity,0.289,0.147,0.568,0.0,0.0
Unspecified psychosis,0.287,0.189,0.438,0.0,0.0
Disturbance of skin sensation,0.286,0.185,0.445,0.0,0.0
Incisional hernia without mention of obstruction or gangrene,0.282,0.142,0.561,0.0,0.0
Other abnormal glucose,0.282,0.208,0.381,0.0,0.0
"Nephritis and nephropathy, not specified as acute or chronic, with other specified pathological lesion in kidney",0.281,0.162,0.488,0.0,0.0
Psoriatic arthropathy,0.281,0.151,0.523,0.0,0.0
"Abdominal pain, other specified site",0.28,0.171,0.458,0.0,0.0
Benign neoplasm of colon,0.277,0.193,0.397,0.0,0.0
Acute systolic heart failure,0.277,0.198,0.386,0.0,0.0
"Chest pain, unspecified",0.274,0.218,0.343,0.0,0.0
"Pain in joint, pelvic region and thigh",0.273,0.18,0.413,0.0,0.0
"Allergic rhinitis, cause unspecified",0.272,0.146,0.507,0.0,0.0
Posttraumatic stress disorder,0.271,0.184,0.4,0.0,0.0
"Acute alcoholic intoxication in alcoholism, unspecified",0.27,0.14,0.521,0.0,0.0
Chronic passive congestion of liver,0.27,0.165,0.441,0.0,0.0
Benzodiazepine-based tranquilizers causing adverse effects in therapeutic use,0.269,0.138,0.525,0.0,0.0
Suicidal ideation,0.267,0.188,0.381,0.0,0.0
"Cardiac catheterization as the cause of abnormal reaction of patient, or of later complication, without mention of misadventure at time of procedure",0.263,0.179,0.387,0.0,0.0
"Secondary and unspecified malignant neoplasm of lymph nodes, site unspecified",0.259,0.135,0.497,0.0,0.0
Personal history of malignant neoplasm of esophagus,0.258,0.142,0.469,0.0,0.0
Personal history of pneumonia (recurrent),0.256,0.144,0.454,0.0,0.0
Personal history of malignant neoplasm of other sites,0.255,0.128,0.507,0.0,0.0
"Peptic ulcer of unspecified site, unspecified as acute or chronic, without mention of hemorrhage or perforation, without mention of obstruction",0.251,0.149,0.423,0.0,0.0
Homonymous bilateral field defects,0.25,0.15,0.419,0.0,0.0
Other respiratory complications,0.248,0.134,0.459,0.0,0.0
"Dental caries, unspecified",0.244,0.131,0.454,0.0,0.0
Myasthenia gravis without (acute) exacerbation,0.243,0.129,0.457,0.0,0.0
Other colostomy and enterostomy complication,0.239,0.117,0.487,0.0,0.0
Cephalosporin group causing adverse effects in therapeutic use,0.235,0.121,0.453,0.0,0.0
Sickle-cell trait,0.231,0.12,0.443,0.0,0.0
Lack of coordination,0.23,0.144,0.369,0.0,0.0
"Body Mass Index 38.0-38.9, adult",0.228,0.111,0.464,0.0,0.0
Personal history of allergy to penicillin,0.227,0.102,0.506,0.0,0.0
Carrier or suspected carrier of Methicillin resistant Staphylococcus aureus,0.226,0.123,0.416,0.0,0.0
Obesity hypoventilation syndrome,0.225,0.138,0.369,0.0,0.0
"Schizoaffective disorder, unspecified",0.223,0.144,0.348,0.0,0.0
Malignant neoplasm of frontal lobe,0.22,0.101,0.478,0.0,0.0
"Cerebral aneurysm, nonruptured",0.22,0.13,0.372,0.0,0.0
Need for prophylactic vaccination and inoculation against unspecified single disease,0.218,0.164,0.289,0.0,0.0
Edema of larynx,0.217,0.1,0.473,0.0,0.0
Takotsubo syndrome,0.216,0.122,0.38,0.0,0.0
"Migraine, unspecified, without mention of intractable migraine without mention of status migrainosus",0.211,0.156,0.287,0.0,0.0
"Body Mass Index 26.0-26.9, adult",0.208,0.11,0.392,0.0,0.0
"Pyelonephritis, unspecified",0.205,0.131,0.321,0.0,0.0
Insulin pump status,0.201,0.093,0.438,0.0,0.0
Esophageal varices without mention of bleeding,0.2,0.115,0.345,0.0,0.0
Microscopic hematuria,0.197,0.1,0.391,0.0,0.0
Urge incontinence,0.195,0.079,0.483,0.0,0.0
Dyskinesia of esophagus,0.193,0.101,0.367,0.0,0.0
"Dysphagia, oropharyngeal phase",0.192,0.136,0.271,0.0,0.0
"Hypertensive chronic kidney disease, benign, with chronic kidney disease stage I through stage IV, or unspecified",0.191,0.108,0.337,0.0,0.0
"Other restorative surgery causing abnormal patient reaction, or later complication, without mention of misadventure at time of operation",0.19,0.1,0.362,0.0,0.0
Postsurgical hypothyroidism,0.187,0.124,0.282,0.0,0.0
"Diabetes with neurological manifestations, type I (juvenile type), not stated as uncontrolled",0.184,0.103,0.328,0.0,0.0
Other specified anemias,0.182,0.109,0.303,0.0,0.0
Malignant neoplasm of gallbladder,0.177,0.072,0.435,0.0,0.0
Pleurisy without mention of effusion or current tuberculosis,0.175,0.095,0.322,0.0,0.0
Obscure cardiomyopathy of Africa,0.173,0.097,0.307,0.0,0.0
Other disorders of bone and cartilage,0.173,0.103,0.292,0.0,0.0
"Closed fracture of base of skull without mention of intra cranial injury, unspecified state of consciousness",0.172,0.064,0.459,0.0,0.0
Secondary malignant neoplasm of genital organs,0.171,0.071,0.41,0.0,0.0
Vaccination not carried out because of patient refusal,0.168,0.085,0.332,0.0,0.0
"Abrasion or friction burn of hip, thigh, leg, and ankle, without mention of infection",0.166,0.065,0.421,0.0,0.0
"Angioneurotic edema, not elsewhere classified",0.166,0.07,0.39,0.0,0.0
Vomiting alone,0.165,0.065,0.422,0.0,0.0
"Abdominal pain, right upper quadrant",0.164,0.084,0.32,0.0,0.0
Penicillins causing adverse effects in therapeutic use,0.163,0.073,0.362,0.0,0.0
"Alcohol abuse, in remission (2)",0.163,0.067,0.398,0.0,0.0
Prediabetes,0.163,0.075,0.354,0.0,0.0
Encounter for antineoplastic chemotherapy,0.161,0.119,0.218,0.0,0.0
Malignant neoplasm of ascending colon,0.156,0.061,0.4,0.0,0.0
Unspecified condition of brain,0.156,0.061,0.404,0.0,0.0
Bronchiectasis with acute exacerbation,0.149,0.06,0.371,0.0,0.0
Shortness of breath,0.147,0.071,0.301,0.0,0.0
Other postablative hypothyroidism,0.146,0.055,0.389,0.0,0.0
Systemic lupus erythematosus,0.146,0.088,0.241,0.0,0.0
"Acute pericarditis, unspecified",0.144,0.061,0.342,0.0,0.0
Psychophysical visual disturbances,0.143,0.063,0.324,0.0,0.0
Acute combined systolic and diastolic heart failure,0.139,0.053,0.365,0.0,0.0
Other and unspecified anticonvulsants causing adverse effects in therapeutic use,0.129,0.048,0.347,0.0,0.0
"Infantile cerebral palsy, unspecified",0.128,0.046,0.357,0.0,0.0
Acute bronchitis,0.128,0.058,0.282,0.0,0.0
"Late effects of cerebrovascular disease, other speech and language deficits",0.127,0.049,0.331,0.0,0.0
Bed confinement status,0.127,0.074,0.217,0.0,0.0
Malignant neoplasm of temporal lobe,0.121,0.047,0.31,0.0,0.0
"Mild cognitive impairment, so stated",0.117,0.061,0.224,0.0,0.0
Chronic gouty arthropathy without mention of tophus (tophi),0.116,0.048,0.281,0.0,0.0
Sulfonamides causing adverse effects in therapeutic use,0.116,0.044,0.302,0.0,0.0
Diaphragmatic hernia with obstruction,0.114,0.037,0.349,0.0,0.0
Other symbolic dysfunction,0.109,0.034,0.354,0.0,0.0
Acute pyelonephritis without lesion of renal medullary necrosis,0.108,0.054,0.214,0.0,0.0
"Localization-related (focal) (partial) epilepsy and epileptic syndromes with simple partial seizures, without mention of intractable epilepsy",0.102,0.041,0.253,0.0,0.0
"Goiter, unspecified",0.101,0.031,0.333,0.0,0.0
Alcohol withdrawal delirium,0.101,0.049,0.209,0.0,0.0
Enthesopathy of hip region,0.1,0.029,0.343,0.0,0.0
Aseptic necrosis of head and neck of femur,0.097,0.035,0.266,0.0,0.0
Dysphonia,0.097,0.037,0.258,0.0,0.0
Acute appendicitis without mention of peritonitis,0.096,0.033,0.278,0.0,0.0
Regional enteritis of small intestine,0.093,0.031,0.282,0.0,0.0
"Accidental cut, puncture, perforation or hemorrhage during surgical operation",0.091,0.039,0.212,0.0,0.0
Unspecified episodic mood disorder,0.09,0.046,0.175,0.0,0.0
Benign neoplasm of adrenal gland,0.089,0.035,0.229,0.0,0.0
Diverticulosis of small intestine (without mention of hemorrhage),0.089,0.024,0.334,0.0,0.0
Anomalies of cerebrovascular system,0.087,0.036,0.215,0.0,0.0
Unspecified sleep apnea,0.087,0.042,0.184,0.0,0.0
Aneurysm of heart (wall),0.084,0.026,0.269,0.0,0.0
"Localized superficial swelling, mass, or lump",0.083,0.023,0.298,0.0,0.0
Unspecified viral infection,0.079,0.025,0.249,0.0,0.0
Sympatholytics (antiadrenergics) causing adverse effects in therapeutic use,0.079,0.026,0.244,0.0,0.0
"Hypertensive chronic kidney disease, benign, with chronic kidney disease stage V or end stage renal disease",0.078,0.023,0.264,0.0,0.0
Herpes zoster with other nervous system complications,0.077,0.026,0.231,0.0,0.0
Hemopericardium,0.077,0.019,0.318,0.0,0.0
"Hydrocele, unspecified",0.076,0.02,0.296,0.0,0.0
"Other antipsychotics, neuroleptics, and major tranquilizers causing adverse effects in therapeutic use",0.075,0.021,0.266,0.0,0.0
Rupture of chordae tendineae,0.072,0.022,0.234,0.0,0.0
Seroma complicating a procedure,0.072,0.02,0.26,0.0,0.0
Chronic duodenal ileus,0.071,0.019,0.263,0.0,0.0
Dermatophytosis of groin and perianal area,0.07,0.02,0.242,0.0,0.0
"Heart disease, unspecified",0.069,0.025,0.197,0.0,0.0
Senility without mention of psychosis,0.069,0.018,0.266,0.0,0.0
"Open wound of tooth (broken) (fractured) (due to trauma), without mention of complication",0.069,0.02,0.231,0.0,0.0
Candidiasis of vulva and vagina,0.068,0.028,0.167,0.0,0.0
Other nonspecific findings on examination of blood,0.067,0.018,0.25,0.0,0.0
Personal history of hodgkin's disease,0.064,0.021,0.198,0.0,0.0
Angiodysplasia of intestine (without mention of hemorrhage),0.062,0.018,0.217,0.0,0.0
Mild intellectual disabilities,0.06,0.014,0.26,0.0,0.0
Other and unspecified agents primarily affecting the cardiovascular system causing adverse effects in therapeutic use,0.059,0.014,0.251,0.0,0.0
Personal history of unspecified infectious and parasitic disease,0.059,0.025,0.139,0.0,0.0
Impotence of organic origin,0.058,0.019,0.176,0.0,0.0
"Pressure ulcer, unstageable",0.054,0.03,0.095,0.0,0.0
Need for prophylactic vaccination and inoculation against streptococcus pneumoniae (pneumococcus) and influenza,0.054,0.017,0.169,0.0,0.0
Other specified complications of procedures not elsewhere classified,0.051,0.017,0.15,0.0,0.0
Acute upper respiratory infections of unspecified site,0.05,0.02,0.129,0.0,0.0
Alcoholic cardiomyopathy,0.049,0.016,0.147,0.0,0.0
Unspecified antibiotic causing adverse effects in therapeutic use,0.039,0.013,0.117,0.0,0.0
"Infectious colitis, enteritis, and gastroenteritis",0.036,0.011,0.122,0.0,0.0
Need for prophylactic vaccination and inoculation against influenza,0.035,0.018,0.069,0.0,0.0
Memory loss,0.026,0.009,0.071,0.0,0.0
Nonspecific abnormal electrocardiogram (ECG) (EKG),0.016,0.006,0.046,0.0,0.0
Encounter for antineoplastic immunotherapy,0.016,0.006,0.045,0.0,0.0
"Infection with drug-resistant microorganisms, unspecified, without mention of multiple drug resistance",9.809,2.411,39.909,0.001,0.005214285714285715
Occlusion and stenosis of other specified precerebral artery with cerebral infarction,8.46,2.412,29.681,0.001,0.005214285714285715
Congenital factor IX disorder,7.747,2.298,26.12,0.001,0.005214285714285715
Chronic glomerulonephritis in diseases classified elsewhere,7.181,2.328,22.151,0.001,0.005214285714285715
"Schizophrenic disorders, residual type, unspecified",6.974,2.204,22.064,0.001,0.005214285714285715
Genetic susceptibility to other malignant neoplasm,6.365,2.125,19.061,0.001,0.005214285714285715
Late effects of intracranial abscess or pyogenic infection,6.042,2.042,17.879,0.001,0.005214285714285715
Lichen planus,5.068,1.949,13.178,0.001,0.005214285714285715
Attention to other artificial opening of urinary tract,4.46,1.918,10.367,0.001,0.005214285714285715
Occlusion and stenosis of vertebral artery with cerebral infarction,4.418,1.889,10.333,0.001,0.005214285714285715
Empyema with fistula,4.41,1.911,10.18,0.001,0.005214285714285715
Other generalized ischemic cerebrovascular disease,4.061,1.798,9.173,0.001,0.005214285714285715
Estrogen receptor negative status (ER-),4.016,1.768,9.122,0.001,0.005214285714285715
Deficiency of vitamin K,3.761,1.756,8.053,0.001,0.005214285714285715
Peritonitis (acute) generalized,3.724,1.701,8.154,0.001,0.005214285714285715
"Other malignant lymphomas, intra-abdominal lymph nodes",3.602,1.636,7.929,0.001,0.005214285714285715
"Arteriovenous fistula, acquired",3.395,1.68,6.861,0.001,0.005214285714285715
Foreign body in main bronchus,2.999,1.607,5.595,0.001,0.005214285714285715
Anemias due to disorders of glutathione metabolism,2.963,1.536,5.714,0.001,0.005214285714285715
Ulceration of intestine,2.935,1.6,5.385,0.001,0.005214285714285715
"Acute myocardial infarction of anterolateral wall, initial episode of care",2.718,1.523,4.851,0.001,0.005214285714285715
Pathologic fracture of neck of femur,2.592,1.48,4.541,0.001,0.005214285714285715
Grand mal status,2.322,1.404,3.838,0.001,0.005214285714285715
Unspecified alveolar and parietoalveolar pneumonopathy,2.199,1.363,3.548,0.001,0.005214285714285715
"Bipolar I disorder, most recent episode (or current) depressed, unspecified",2.133,1.343,3.388,0.001,0.005214285714285715
Angiodysplasia of stomach and duodenum with hemorrhage,2.109,1.37,3.245,0.001,0.005214285714285715
Venous thrombosis nec,2.062,1.328,3.204,0.001,0.005214285714285715
Ulcer of ankle,1.988,1.315,3.004,0.001,0.005214285714285715
"Infection and inflammatory reaction due to other vascular device, implant, and graft",1.932,1.297,2.879,0.001,0.005214285714285715
Anorexia,1.706,1.253,2.322,0.001,0.005214285714285715
Other opiates and related narcotics causing adverse effects in therapeutic use,1.703,1.232,2.354,0.001,0.005214285714285715
"Chronic lymphoid leukemia, without mention of having achieved remission",1.579,1.211,2.057,0.001,0.005214285714285715
Epistaxis,1.566,1.206,2.033,0.001,0.005214285714285715
Ostium secundum type atrial septal defect,1.507,1.172,1.938,0.001,0.005214285714285715
Paralytic ileus,1.436,1.171,1.761,0.001,0.005214285714285715
Chronic hepatitis C without mention of hepatic coma,1.315,1.113,1.554,0.001,0.005214285714285715
"Leukocytosis, unspecified",1.222,1.085,1.376,0.001,0.005214285714285715
"Unspecified adverse effect of other drug, medicinal and biological substance",0.759,0.648,0.888,0.001,0.005214285714285715
Acute on chronic systolic heart failure,0.743,0.625,0.882,0.001,0.005214285714285715
"Bipolar disorder, unspecified",0.718,0.59,0.874,0.001,0.005214285714285715
"Fever, unspecified",0.718,0.59,0.874,0.001,0.005214285714285715
Hypertrophy (benign) of prostate with urinary obstruction and other lower urinary tract symptoms (LUTS),0.687,0.547,0.863,0.001,0.005214285714285715
Unspecified hereditary and idiopathic peripheral neuropathy,0.685,0.547,0.857,0.001,0.005214285714285715
Personal history of malignant melanoma of skin,0.683,0.546,0.853,0.001,0.005214285714285715
Pathologic fracture of vertebrae,0.668,0.526,0.847,0.001,0.005214285714285715
Solitary pulmonary nodule,0.627,0.479,0.82,0.001,0.005214285714285715
Personal history of colonic polyps,0.627,0.478,0.822,0.001,0.005214285714285715
Wheelchair dependence,0.616,0.468,0.811,0.001,0.005214285714285715
Bariatric surgery status,0.605,0.455,0.803,0.001,0.005214285714285715
Other nonspecific abnormal finding of lung field,0.538,0.376,0.771,0.001,0.005214285714285715
Peritoneal adhesions (postoperative) (postinfection),0.533,0.367,0.775,0.001,0.005214285714285715
"Other specified forms of effusion, except tuberculous",0.528,0.365,0.765,0.001,0.005214285714285715
"Contusion of face, scalp, and neck except eye(s)",0.52,0.359,0.752,0.001,0.005214285714285715
Internal hemorrhoids without mention of complication,0.519,0.354,0.762,0.001,0.005214285714285715
Other specified hemiplegia and hemiparesis affecting nondominant side,0.516,0.344,0.775,0.001,0.005214285714285715
"Contact dermatitis and other eczema, unspecified cause",0.515,0.352,0.753,0.001,0.005214285714285715
Personal history of traumatic brain injury,0.475,0.303,0.744,0.001,0.005214285714285715
Unspecified pruritic disorder,0.47,0.299,0.739,0.001,0.005214285714285715
"Kidney dialysis as the cause of abnormal reaction of patient, or of later complication, without mention of misadventure at time of procedure",0.47,0.305,0.725,0.001,0.005214285714285715
"Urinary catheterization as the cause of abnormal reaction of patient, or of later complication, without mention of misadventure at time of procedure",0.468,0.299,0.734,0.001,0.005214285714285715
Muscle weakness (generalized),0.464,0.3,0.716,0.001,0.005214285714285715
Nontoxic multinodular goiter,0.441,0.271,0.717,0.001,0.005214285714285715
Sciatica,0.43,0.262,0.704,0.001,0.005214285714285715
"Osteoarthrosis, localized, not specified whether primary or secondary, pelvic region and thigh",0.402,0.23,0.704,0.001,0.005214285714285715
"Thoracic or lumbosacral neuritis or radiculitis, unspecified",0.393,0.226,0.685,0.001,0.005214285714285715
Other closed fractures of distal end of radius (alone),0.372,0.207,0.67,0.001,0.005214285714285715
Pneumococcal pneumonia (Streptococcus pneumoniae pneumonia),0.358,0.198,0.645,0.001,0.005214285714285715
Phlebitis and thrombophlebitis of superficial veins of upper extremities,0.327,0.17,0.627,0.001,0.005214285714285715
Difficulty in walking,0.324,0.168,0.626,0.001,0.005214285714285715
Internal hemorrhoids with other complication,0.289,0.141,0.592,0.001,0.005214285714285715
Carrier or suspected carrier of other specified bacterial diseases,0.288,0.135,0.617,0.001,0.005214285714285715
"Head injury, unspecified",0.278,0.13,0.594,0.001,0.005214285714285715
Malignant neoplasm of body of pancreas,0.237,0.102,0.554,0.001,0.005214285714285715
"Unilateral paralysis of vocal cords or larynx, partial",0.226,0.097,0.526,0.001,0.005214285714285715
Secondary malignant neoplasm of ovary,0.201,0.077,0.525,0.001,0.005214285714285715
Contusion of hip,0.164,0.054,0.496,0.001,0.005214285714285715
Malignant neoplasm of cecum,0.159,0.054,0.471,0.001,0.005214285714285715
Celiac artery compression syndrome,0.156,0.053,0.46,0.001,0.005214285714285715
Degeneration of cervical intervertebral disc,0.146,0.047,0.454,0.001,0.005214285714285715
Euthyroid sick syndrome,0.135,0.039,0.463,0.001,0.005214285714285715
Contusion of abdominal wall,0.125,0.038,0.415,0.001,0.005214285714285715
Dislocation of prosthetic joint,0.12,0.033,0.433,0.001,0.005214285714285715
Attention to colostomy,0.118,0.032,0.434,0.001,0.005214285714285715
"Need for prophylactic vaccination and inoculation against diphtheria-tetanus-pertussis, combined (DTP) (DTaP)",0.097,0.025,0.379,0.001,0.005214285714285715
Personal history of allergy to other antibiotic agent,0.092,0.023,0.376,0.001,0.005214285714285715
Mechanical complication due to cardiac pacemaker (electrode),0.08,0.019,0.346,0.001,0.005214285714285715
Other and unspecified general anesthetics causing adverse effects in therapeutic use,0.079,0.018,0.355,0.001,0.005214285714285715
Dermatophytosis of other specified sites,5.664,1.88,17.067,0.002,0.009783505154639176
"Myopathy, unspecified",5.427,1.825,16.141,0.002,0.009783505154639176
Stridor,4.54,1.773,11.622,0.002,0.009783505154639176
Hypersplenism,4.531,1.71,12.006,0.002,0.009783505154639176
Other transfusion reaction,3.47,1.568,7.677,0.002,0.009783505154639176
"Acute myocardial infarction of inferoposterior wall, initial episode of care",3.125,1.513,6.457,0.002,0.009783505154639176
Traumatic hemothorax without mention of open wound into thorax,3.021,1.486,6.143,0.002,0.009783505154639176
"Cystic kidney disease, unspecified",2.915,1.478,5.751,0.002,0.009783505154639176
Closed fracture of sixth cervical vertebra,2.568,1.429,4.616,0.002,0.009783505154639176
Long-term (current) use of antibiotics,2.423,1.393,4.215,0.002,0.009783505154639176
Myelopathy in other diseases classified elsewhere,2.056,1.299,3.256,0.002,0.009783505154639176
Hemoptysis,1.944,1.265,2.987,0.002,0.009783505154639176
Closed fracture of pubis,1.775,1.227,2.569,0.002,0.009783505154639176
"Malignant neoplasm of kidney, except pelvis",1.499,1.155,1.945,0.002,0.009783505154639176
Escherichia coli (E. coli) infection in conditions classified elsewhere and of unspecified site,1.372,1.123,1.677,0.002,0.009783505154639176
Acquired coagulation factor deficiency,1.36,1.116,1.658,0.002,0.009783505154639176
"Gout, unspecified",0.85,0.769,0.94,0.002,0.009783505154639176
Anemia in neoplastic disease,0.746,0.62,0.898,0.002,0.009783505154639176
Essential thrombocythemia,0.647,0.489,0.856,0.002,0.009783505154639176
"Osteoarthrosis, localized, not specified whether primary or secondary, lower leg",0.569,0.398,0.813,0.002,0.009783505154639176
Other toe(s) amputation status,0.558,0.389,0.8,0.002,0.009783505154639176
Other drugs and medicinal substances causing adverse effects in therapeutic use,0.538,0.364,0.795,0.002,0.009783505154639176
"Injury to bladder and urethra, without mention of open wound into cavity",0.476,0.295,0.768,0.002,0.009783505154639176
Other candidiasis of other specified sites,0.419,0.242,0.724,0.002,0.009783505154639176
"Other late effects of cerebrovascular disease, facial weakness",0.413,0.238,0.717,0.002,0.009783505154639176
Personal history of other infectious and parasitic diseases,0.363,0.189,0.699,0.002,0.009783505154639176
Vascular disorders of kidney,0.333,0.165,0.673,0.002,0.009783505154639176
"Leiomyoma of uterus, unspecified",0.325,0.157,0.672,0.002,0.009783505154639176
Trigeminal neuralgia,0.282,0.129,0.619,0.002,0.009783505154639176
Adjustment disorder with depressed mood,0.277,0.125,0.618,0.002,0.009783505154639176
Obsessive-compulsive disorders,0.244,0.101,0.585,0.002,0.009783505154639176
"Infantile spasms, without mention of intractable epilepsy",0.219,0.084,0.568,0.002,0.009783505154639176
Edema of male genital organs,0.219,0.084,0.575,0.002,0.009783505154639176
Abscess of intestine,0.216,0.083,0.566,0.002,0.009783505154639176
Unspecified disorder of adrenal glands,0.215,0.082,0.561,0.002,0.009783505154639176
Malignant neoplasm of rectosigmoid junction,0.173,0.058,0.515,0.002,0.009783505154639176
"Malignant poorly differentiated neuroendocrine carcinoma, any site",0.167,0.054,0.514,0.002,0.009783505154639176
Undiagnosed cardiac murmurs,0.166,0.053,0.524,0.002,0.009783505154639176
Ureteral fistula,0.15,0.046,0.487,0.002,0.009783505154639176
Unspecified otitis media,0.143,0.041,0.496,0.002,0.009783505154639176
Other and unspecified nonspecific immunological findings,0.14,0.04,0.49,0.002,0.009783505154639176
"Visual field defect, unspecified",0.13,0.035,0.487,0.002,0.009783505154639176
Actinic keratosis,0.117,0.03,0.457,0.002,0.009783505154639176
Late effects of other and unspecified infectious and parasitic diseases,0.112,0.027,0.458,0.002,0.009783505154639176
"Atrophic gastritis, without mention of hemorrhage",0.109,0.027,0.437,0.002,0.009783505154639176
Prickly heat,0.096,0.022,0.422,0.002,0.009783505154639176
Other vesicoureteral reflux with reflux nephropathy NOS,0.083,0.017,0.406,0.002,0.009783505154639176
"Outcome of delivery, single liveborn",0.049,0.007,0.344,0.002,0.009783505154639176
Generalized and unspecified atherosclerosis,6.76,1.888,24.206,0.003,0.014007380073800738
"Osteoarthrosis, localized, primary, ankle and foot",6.286,1.901,20.779,0.003,0.014007380073800738
Other injury of abdomen,6.21,1.861,20.72,0.003,0.014007380073800738
"Malignant neoplasm of liver, not specified as primary or secondary",4.79,1.717,13.364,0.003,0.014007380073800738
Malignant neoplasm of pancreatic duct,3.76,1.55,9.12,0.003,0.014007380073800738
Postprocedural aspiration pneumonia,2.973,1.441,6.136,0.003,0.014007380073800738
"Streptococcus infection in conditions classified elsewhere and of unspecified site, streptococcus, group A",2.85,1.415,5.741,0.003,0.014007380073800738
Contusion of chest wall,2.64,1.387,5.025,0.003,0.014007380073800738
Emphysema (subcutaneous) (surgical) resulting from procedure,2.6,1.37,4.936,0.003,0.014007380073800738
Other specified disorders of peritoneum,2.535,1.365,4.709,0.003,0.014007380073800738
Occlusion and stenosis of carotid artery with cerebral infarction,2.039,1.284,3.236,0.003,0.014007380073800738
Bell's palsy,1.942,1.248,3.021,0.003,0.014007380073800738
Paraplegia,1.773,1.212,2.593,0.003,0.014007380073800738
Abnormal involuntary movements,1.69,1.202,2.378,0.003,0.014007380073800738
Personal history of malignant neoplasm of other gastrointestinal tract,1.672,1.19,2.349,0.003,0.014007380073800738
"Chronic kidney disease, Stage IV (severe)",1.365,1.114,1.672,0.003,0.014007380073800738
Candidiasis of mouth,1.337,1.104,1.619,0.003,0.014007380073800738
Unspecified viral hepatitis C without hepatic coma,1.309,1.093,1.569,0.003,0.014007380073800738
"Iron deficiency anemia, unspecified",0.819,0.718,0.935,0.003,0.014007380073800738
Physical restraints status,0.783,0.667,0.919,0.003,0.014007380073800738
"Bacterial pneumonia, unspecified",0.649,0.49,0.861,0.003,0.014007380073800738
Streptococcal septicemia,0.566,0.391,0.819,0.003,0.014007380073800738
Personal history of pathologic fracture,0.429,0.246,0.749,0.003,0.014007380073800738
Urinary frequency,0.424,0.243,0.742,0.003,0.014007380073800738
"Nephritis and nephropathy, not specified as acute or chronic, with unspecified pathological lesion in kidney",0.385,0.203,0.73,0.003,0.014007380073800738
Family history of other cardiovascular diseases,0.38,0.202,0.715,0.003,0.014007380073800738
Spasm of muscle,0.358,0.183,0.701,0.003,0.014007380073800738
Cellulitis and abscess of face,0.28,0.122,0.644,0.003,0.014007380073800738
"Swelling, mass, or lump in head and neck",0.257,0.105,0.626,0.003,0.014007380073800738
Hemophilus influenzae (H. influenzae) infection in conditions classified elsewhere and of unspecified site,0.167,0.052,0.534,0.003,0.014007380073800738
Other specified hypoglycemia,0.164,0.051,0.531,0.003,0.014007380073800738
Toxic multinodular goiter without mention of thyrotoxic crisis or storm,0.148,0.041,0.526,0.003,0.014007380073800738
"Neuralgia, neuritis, and radiculitis, unspecified",0.145,0.04,0.527,0.003,0.014007380073800738
Other diseases of vocal cords,0.142,0.04,0.511,0.003,0.014007380073800738
"Calculus of gallbladder and bile duct without cholecystitis, without mention of obstruction",0.131,0.034,0.507,0.003,0.014007380073800738
Surg complic-respir syst,0.129,0.034,0.492,0.003,0.014007380073800738
Inflammatory disease of breast,0.093,0.02,0.433,0.003,0.014007380073800738
Acute bronchiolitis due to other infectious organisms,4.777,1.668,13.68,0.004,0.017842538190364278
"Chondrocalcinosis, unspecified, lower leg",4.035,1.568,10.386,0.004,0.017842538190364278
"Dissection of aorta, abdominal",2.762,1.379,5.534,0.004,0.017842538190364278
Necrotizing fasciitis,2.737,1.387,5.401,0.004,0.017842538190364278
Mechanical complication of tracheostomy,2.727,1.387,5.362,0.004,0.017842538190364278
Venous embolism and thrombosis of superficial vessels of lower extremity,2.71,1.383,5.308,0.004,0.017842538190364278
"Pressure ulcer, ankle",2.662,1.37,5.172,0.004,0.017842538190364278
Other venous embolism and thrombosis of inferior vena cava,2.59,1.365,4.914,0.004,0.017842538190364278
Malignant neoplasm of other specified sites of bladder,2.419,1.316,4.449,0.004,0.017842538190364278
"Acute myocardial infarction of other anterior wall, initial episode of care",2.249,1.302,3.885,0.004,0.017842538190364278
Cardiomegaly,2.219,1.299,3.79,0.004,0.017842538190364278
Asbestosis,2.191,1.283,3.741,0.004,0.017842538190364278
Other symptoms involving nervous and musculoskeletal systems,2.008,1.248,3.231,0.004,0.017842538190364278
Stricture and stenosis of esophagus,1.632,1.173,2.27,0.004,0.017842538190364278
Other specified intestinal obstruction,1.617,1.165,2.246,0.004,0.017842538190364278
Iatrogenic pneumothorax,1.567,1.155,2.126,0.004,0.017842538190364278
Other specified forms of chronic ischemic heart disease,0.778,0.656,0.923,0.004,0.017842538190364278
Altered mental status,0.756,0.624,0.916,0.004,0.017842538190364278
Metabolic encephalopathy,0.724,0.58,0.905,0.004,0.017842538190364278
"Other diseases of lung, not elsewhere classified",0.72,0.577,0.899,0.004,0.017842538190364278
Personal history of peptic ulcer disease,0.598,0.423,0.846,0.004,0.017842538190364278
Cervicalgia,0.546,0.363,0.822,0.004,0.017842538190364278
"Cyst of kidney, acquired",0.445,0.258,0.768,0.004,0.017842538190364278
Herpes zoster without mention of complication,0.437,0.249,0.77,0.004,0.017842538190364278
"Unspecified osteomyelitis, other specified sites",0.437,0.248,0.77,0.004,0.017842538190364278
Unspecified cerebrovascular disease,0.395,0.21,0.745,0.004,0.017842538190364278
"Paranoid type schizophrenia, unspecified",0.393,0.209,0.739,0.004,0.017842538190364278
"Dementia, unspecified, with behavioral disturbance",0.37,0.189,0.722,0.004,0.017842538190364278
Other second degree atrioventricular block,0.359,0.177,0.728,0.004,0.017842538190364278
Hypertensive emergency,0.35,0.173,0.708,0.004,0.017842538190364278
Family history of malignant neoplasm of ovary,0.277,0.116,0.662,0.004,0.017842538190364278
Closed fracture of subtrochanteric section of neck of femur,0.248,0.097,0.637,0.004,0.017842538190364278
"Trimalleolar fracture, closed",0.175,0.053,0.579,0.004,0.017842538190364278
Myelofibrosis,0.169,0.051,0.562,0.004,0.017842538190364278
Long-term (current) use of non-steroidal anti-inflammatories (NSAID),0.157,0.044,0.556,0.004,0.017842538190364278
Closed fracture of metatarsal bone(s),0.132,0.034,0.516,0.004,0.017842538190364278
Malignant neoplasm of retroperitoneum,0.129,0.032,0.517,0.004,0.017842538190364278
Poisoning by heroin,0.066,0.011,0.412,0.004,0.017842538190364278
Acromegaly and gigantism,7.001,1.826,26.84,0.005,0.0217162471395881
Antifungal antibiotics causing adverse effects in therapeutic use,5.452,1.676,17.734,0.005,0.0217162471395881
"Peripheral T cell lymphoma, unspecified site, extranodal and solid organ sites",4.972,1.639,15.08,0.005,0.0217162471395881
Intussusception,3.515,1.462,8.449,0.005,0.0217162471395881
Foreign body in other specified parts bronchus and lung,2.515,1.313,4.816,0.005,0.0217162471395881
"Malignant neoplasm of brain, unspecified",2.388,1.304,4.372,0.005,0.0217162471395881
Traumatic pneumothorax without mention of open wound into thorax,1.915,1.213,3.023,0.005,0.0217162471395881
End stage renal disease,1.554,1.14,2.118,0.005,0.0217162471395881
Malignant pleural effusion,1.412,1.111,1.796,0.005,0.0217162471395881
"Spinal stenosis, unspecified region",1.391,1.102,1.756,0.005,0.0217162471395881
Personal history of malignant neoplasm of breast,1.187,1.054,1.336,0.005,0.0217162471395881
Abnormality of gait,0.725,0.58,0.906,0.005,0.0217162471395881
Sarcoidosis,0.58,0.398,0.845,0.005,0.0217162471395881
"Chronic myeloid leukemia, without mention of having achieved remission",0.345,0.165,0.723,0.005,0.0217162471395881
Attention to ileostomy,0.333,0.155,0.716,0.005,0.0217162471395881
Pancreas replaced by transplant,0.32,0.143,0.712,0.005,0.0217162471395881
Malignant neoplasm of tail of pancreas,0.264,0.104,0.671,0.005,0.0217162471395881
Other sedatives and hypnotics causing adverse effects in therapeutic use,0.238,0.088,0.645,0.005,0.0217162471395881
Gouty arthropathy,0.2,0.066,0.611,0.005,0.0217162471395881
Chronic venous embolism and thrombosis of unspecified deep vessels of lower extremity,0.188,0.058,0.611,0.005,0.0217162471395881
"Osteoarthrosis, localized, not specified whether primary or secondary, shoulder region",0.165,0.046,0.585,0.005,0.0217162471395881
Reaction to spinal or lumbar puncture,0.163,0.047,0.573,0.005,0.0217162471395881
Closed fracture of lower end of radius with ulna,0.152,0.04,0.572,0.005,0.0217162471395881
Other chronic otitis externa,6.682,1.739,25.682,0.006,0.02541964285714286
"Effusion of joint, pelvic region and thigh",6.471,1.721,24.334,0.006,0.02541964285714286
Malignant neoplasm of supraglottis,6.201,1.688,22.783,0.006,0.02541964285714286
"Other diseases of respiratory system, not elsewhere classified",3.175,1.388,7.262,0.006,0.02541964285714286
"Malignant neoplasm of esophagus, unspecified site",2.193,1.251,3.843,0.006,0.02541964285714286
Facial weakness,0.707,0.551,0.908,0.006,0.02541964285714286
Other nonspecific findings on examination of urine,0.641,0.467,0.88,0.006,0.02541964285714286
Diverticulitis of colon (without mention of hemorrhage),0.613,0.432,0.87,0.006,0.02541964285714286
"Acquired absence of organ, lung",0.524,0.33,0.832,0.006,0.02541964285714286
"Hemiplegia, unspecified, affecting nondominant side",0.418,0.224,0.779,0.006,0.02541964285714286
Other and unspecified ovarian cyst,0.33,0.149,0.729,0.006,0.02541964285714286
"Late effect of adverse effect of drug, medicinal or biological substance",0.317,0.138,0.724,0.006,0.02541964285714286
Acute cystitis,0.313,0.136,0.719,0.006,0.02541964285714286
Thalassemia minor,0.308,0.133,0.715,0.006,0.02541964285714286
"Unqualified visual loss, one eye",0.245,0.09,0.668,0.006,0.02541964285714286
Unspecified erythematous condition,0.205,0.066,0.638,0.006,0.02541964285714286
Unarmed fight or brawl,0.184,0.055,0.617,0.006,0.02541964285714286
"Other complications due to other internal prosthetic device, implant, and graft",0.175,0.05,0.608,0.006,0.02541964285714286
"Chronic kidney disease, Stage I",0.155,0.041,0.581,0.006,0.02541964285714286
Nonspecific abnormal results of function study of kidney,0.142,0.036,0.565,0.006,0.02541964285714286
Unspecified personality disorder,0.127,0.029,0.547,0.006,0.02541964285714286
Hydantoin derivatives causing adverse effects in therapeutic use,0.116,0.025,0.533,0.006,0.02541964285714286
Open fracture of shaft of femur,5.626,1.597,19.828,0.007,0.029104052573932095
Other myopathies,4.925,1.538,15.776,0.007,0.029104052573932095
"Osteoarthrosis, localized, not specified whether primary or secondary, hand",3.863,1.444,10.332,0.007,0.029104052573932095
Coronary atherosclerosis of unspecified bypass graft,2.108,1.222,3.636,0.007,0.029104052573932095
Arthropathy associated with neurological disorders,2.069,1.222,3.502,0.007,0.029104052573932095
"Body Mass Index 39.0-39.9, adult",1.95,1.196,3.179,0.007,0.029104052573932095
Renal dialysis status (2),0.758,0.621,0.926,0.007,0.029104052573932095
Other premature beats,0.492,0.294,0.824,0.007,0.029104052573932095
"Mononeuritis of lower limb, unspecified",0.491,0.293,0.822,0.007,0.029104052573932095
Accidents occurring in public building,0.442,0.245,0.796,0.007,0.029104052573932095
"Polycystic kidney, unspecified type",0.376,0.184,0.77,0.007,0.029104052573932095
Disorders of diaphragm,0.318,0.139,0.728,0.007,0.029104052573932095
"Closed fracture of base of skull with subarachnoid, subdural, and extradural hemorrhage, with no loss of consciousness",0.278,0.109,0.71,0.007,0.029104052573932095
Other specified disorders of gallbladder,0.214,0.069,0.662,0.007,0.029104052573932095
"Other specified bacterial infections in conditions classified elsewhere and of unspecified site, other anaerobes",0.194,0.06,0.633,0.007,0.029104052573932095
Closed fracture of acromial end of clavicle,0.178,0.051,0.62,0.007,0.029104052573932095
"Combined systolic and diastolic heart failure, unspecified",0.166,0.045,0.613,0.007,0.029104052573932095
Other causes of encephalitis and encephalomyelitis,5.268,1.557,17.831,0.008,0.03275943905070119
"Myocarditis, unspecified",4.353,1.465,12.939,0.008,0.03275943905070119
"Secondary diabetes mellitus with ketoacidosis, not stated as uncontrolled, or unspecified",3.226,1.348,7.716,0.008,0.03275943905070119
Autoimmune hepatitis,1.832,1.169,2.871,0.008,0.03275943905070119
Other accidents,1.529,1.119,2.087,0.008,0.03275943905070119
"Thrombocytopenia, unspecified",1.141,1.035,1.259,0.008,0.03275943905070119
Hypovolemia,0.836,0.731,0.955,0.008,0.03275943905070119
"Conjunctivitis, unspecified",0.457,0.256,0.816,0.008,0.03275943905070119
Chronic cholecystitis,0.357,0.167,0.763,0.008,0.03275943905070119
Closed fracture of unspecified part of upper end of humerus,0.285,0.112,0.724,0.008,0.03275943905070119
"Subdural hemorrhage following injury without mention of open intracranial wound, with brief (less than one hour) loss of consciousness",0.189,0.055,0.647,0.008,0.03275943905070119
Pedal cycle accident injuring pedal cyclist,0.156,0.04,0.612,0.008,0.03275943905070119
"Vaginitis and vulvovaginitis, unspecified",0.155,0.039,0.616,0.008,0.03275943905070119
Other ventral hernia without mention of obstruction or gangrene,0.143,0.034,0.599,0.008,0.03275943905070119
Unspecified allergic alveolitis and pneumonitis,3.487,1.363,8.923,0.009,0.036461045891141936
Pulmonary diseases due to other mycobacteria,2.929,1.307,6.563,0.009,0.036461045891141936
Chronic obstructive asthma with (acute) exacerbation,1.549,1.116,2.15,0.009,0.036461045891141936
"Body Mass Index 40.0-44.9, adult",0.641,0.459,0.896,0.009,0.036461045891141936
Acute cholecystitis,0.545,0.345,0.862,0.009,0.036461045891141936
"Localization-related (focal) (partial) epilepsy and epileptic syndromes with complex partial seizures, without mention of intractable epilepsy",0.365,0.172,0.774,0.009,0.036461045891141936
Displacement of cervical intervertebral disc without myelopathy,0.239,0.081,0.7,0.009,0.036461045891141936
Nonspecific (abnormal) findings on radiological and other examination of other intrathoracic organs,0.19,0.054,0.665,0.009,0.036461045891141936
Congenital deficiency of other clotting factors,0.173,0.046,0.646,0.009,0.036461045891141936
Lyme Disease,0.146,0.034,0.617,0.009,0.036461045891141936
Inclusion body myositis,4.588,1.446,14.56,0.01,0.0399578947368421
Benign neoplasm of rectum and anal canal,3.055,1.308,7.131,0.01,0.0399578947368421
"Accidental cut, puncture, perforation or hemorrhage during endoscopic examination",2.914,1.293,6.571,0.01,0.0399578947368421
"Thoracoabdominal aneurysm, without mention of rupture",2.593,1.254,5.36,0.01,0.0399578947368421
Chronic graft-versus-host disease,2.388,1.237,4.613,0.01,0.0399578947368421
Other vitamin B12 deficiency anemia,1.78,1.149,2.757,0.01,0.0399578947368421
Status post administration of tPA (rtPA) in a different facility within the last 24 hours prior to admission to current facility,1.776,1.15,2.741,0.01,0.0399578947368421
"Body Mass Index 33.0-33.9, adult",0.465,0.259,0.832,0.01,0.0399578947368421
Atherosclerosis of other specified arteries,0.43,0.227,0.815,0.01,0.0399578947368421
Intraspinal abscess,0.367,0.172,0.786,0.01,0.0399578947368421
Intravenous anesthetics causing adverse effects in therapeutic use,0.287,0.111,0.743,0.01,0.0399578947368421
Ulcer of anus and rectum,0.282,0.108,0.735,0.01,0.0399578947368421
Renal osteodystrophy,0.21,0.065,0.684,0.01,0.0399578947368421
"Subarachnoid hemorrhage following injury without mention of open intracranial wound, with prolonged (more than 24 hours) loss of consciousness without return to pre-existing conscious level",32.081,2.229,461.695,0.011,0.04313636363636363
"Other and unspecified cerebral laceration and contusion, without mention of open intracranial wound, with no loss of consciousness",2.449,1.23,4.875,0.011,0.04313636363636363
Other staphylococcal septicemia,2.117,1.184,3.786,0.011,0.04313636363636363
Iatrogenic pulmonary embolism and infarction,2.077,1.183,3.644,0.011,0.04313636363636363
"Postoperative shock, other",2.077,1.184,3.643,0.011,0.04313636363636363
Closed fracture of three ribs,2.053,1.177,3.581,0.011,0.04313636363636363
Abscess of lung,2.048,1.177,3.564,0.011,0.04313636363636363
"Pressure ulcer, other site",1.725,1.135,2.622,0.011,0.04313636363636363
Nausea alone,0.732,0.576,0.931,0.011,0.04313636363636363
Unspecified disease of pericardium,0.696,0.527,0.919,0.011,0.04313636363636363
Infection with microorganisms without mention of resistance to multiple drugs,0.601,0.406,0.89,0.011,0.04313636363636363
"Chronic kidney disease, Stage V",0.558,0.356,0.877,0.011,0.04313636363636363
Above knee amputation status,0.544,0.339,0.872,0.011,0.04313636363636363
"Late effects of cerebrovascular disease, dysarthria",0.475,0.267,0.845,0.011,0.04313636363636363
"Urinary obstruction, not elsewhere classified",0.206,0.061,0.699,0.011,0.04313636363636363
"Personal history of surgery to heart and great vessels, presenting hazards to health",0.194,0.055,0.684,0.011,0.04313636363636363
Mechanical complication of automatic implantable cardiac defibrillator,0.153,0.036,0.648,0.011,0.04313636363636363
"Infection and inflammatory reaction due to nervous system device, implant, and graft",0.115,0.022,0.609,0.011,0.04313636363636363
"Other complications due to unspecified device, implant, and graft",4.86,1.424,16.585,0.012,0.046434250764525994
Infection by dematiacious fungi (Phaehyphomycosis),4.314,1.377,13.511,0.012,0.046434250764525994
Other specified disorders of kidney and ureter,2.83,1.258,6.365,0.012,0.046434250764525994
Cauda equina syndrome without mention of neurogenic bladder,2.535,1.229,5.228,0.012,0.046434250764525994
Striking against or struck accidentally by other stationary object without subsequent fall,2.35,1.203,4.592,0.012,0.046434250764525994
"Diabetes with peripheral circulatory disorders, type II or unspecified type, not stated as uncontrolled",1.388,1.075,1.792,0.012,0.046434250764525994
Personal history of malignant neoplasm of prostate,0.839,0.731,0.963,0.012,0.046434250764525994
"Asthma, unspecified type, with (acute) exacerbation",0.633,0.443,0.905,0.012,0.046434250764525994
"Malignant neoplasm of colon, unspecified site",0.426,0.219,0.827,0.012,0.046434250764525994
Other tracheostomy complications,0.37,0.17,0.803,0.012,0.046434250764525994
Infection and inflammatory reaction due to internal joint prosthesis,0.344,0.15,0.79,0.012,0.046434250764525994
"Meningitis, unspecified",0.301,0.118,0.769,0.012,0.046434250764525994
Esophageal hemorrhage,0.208,0.061,0.703,0.012,0.046434250764525994
"Malignant neoplasm of middle lobe, bronchus or lung",2.391,1.203,4.754,0.013,0.04984646464646464
"Cystitis, unspecified",1.922,1.147,3.221,0.013,0.04984646464646464
"Subendocardial infarction, subsequent episode of care",1.571,1.099,2.244,0.013,0.04984646464646464
Other respiratory abnormalities,0.673,0.492,0.92,0.013,0.04984646464646464
Personal history of other lymphatic and hematopoietic neoplasms,0.603,0.406,0.897,0.013,0.04984646464646464
"Swelling, mass, or lump in chest",0.415,0.207,0.833,0.013,0.04984646464646464
Septic pulmonary embolism,0.288,0.108,0.765,0.013,0.04984646464646464
Pneumonia due to Legionnaires' disease,0.225,0.07,0.728,0.013,0.04984646464646464
Cellulitis and abscess of neck,0.187,0.049,0.706,0.013,0.04984646464646464
Injury to other specified blood vessels of head and neck,6.249,1.444,27.048,0.014,0.053144
Other forms of nystagmus,3.571,1.288,9.903,0.014,0.053144
"Urinary incontinence, unspecified",0.768,0.622,0.948,0.014,0.053144
Hypocalcemia,0.706,0.536,0.931,0.014,0.053144
"Opioid abuse, unspecified",0.574,0.37,0.893,0.014,0.053144
Ulcer of esophagus without bleeding,0.418,0.208,0.84,0.014,0.053144
Personal history of other diseases of digestive system,0.289,0.108,0.779,0.014,0.053144
Foreign body in esophagus,0.247,0.081,0.753,0.014,0.053144
Allergic rhinitis due to other allergen,0.236,0.075,0.743,0.014,0.053144
"Hernia of other specified sites, with obstruction",0.171,0.042,0.699,0.014,0.053144
Spontaneous tension pneumothorax,4.742,1.346,16.701,0.015,0.056043307086614175
Condyloma acuminatum,4.409,1.339,14.513,0.015,0.056043307086614175
Pneumonia due to respiratory syncytial virus,3.619,1.282,10.213,0.015,0.056043307086614175
Chronic rhinitis,2.693,1.215,5.973,0.015,0.056043307086614175
Candidiasis of unspecified site,2.059,1.148,3.692,0.015,0.056043307086614175
Barrett's esophagus,0.701,0.527,0.933,0.015,0.056043307086614175
Background diabetic retinopathy,0.657,0.468,0.923,0.015,0.056043307086614175
Eosinophilia,0.638,0.445,0.916,0.015,0.056043307086614175
"Duodenitis, without mention of hemorrhage",0.534,0.322,0.884,0.015,0.056043307086614175
Ulcer of calf,0.524,0.311,0.882,0.015,0.056043307086614175
Malignant neoplasm of rectum,0.516,0.303,0.878,0.015,0.056043307086614175
Primary hyperparathyroidism,0.437,0.224,0.853,0.015,0.056043307086614175
Sialoadenitis,0.323,0.13,0.802,0.015,0.056043307086614175
Incontinence of feces,0.25,0.082,0.768,0.015,0.056043307086614175
Other atherosclerosis of native arteries of the extremities,0.214,0.062,0.744,0.015,0.056043307086614175
Other and unspecified anti-infectives causing adverse effects in therapeutic use,0.198,0.053,0.735,0.015,0.056043307086614175
"Injury to liver without mention of open wound into cavity laceration, unspecified",2.977,1.228,7.219,0.016,0.05913924050632912
Malignant neoplasm of head of pancreas,0.676,0.491,0.931,0.016,0.05913924050632912
Other specified diseases of pancreas,0.633,0.436,0.92,0.016,0.05913924050632912
Closed fracture of unspecified part of neck of femur,0.579,0.371,0.902,0.016,0.05913924050632912
"Dysphagia, oral phase",0.4,0.19,0.842,0.016,0.05913924050632912
Other specified diseases of hair and hair follicles,0.281,0.1,0.788,0.016,0.05913924050632912
"Other current conditions classifiable elsewhere of mother, antepartum condition or complication",0.207,0.058,0.746,0.016,0.05913924050632912
Prinzmetal angina,0.202,0.055,0.741,0.016,0.05913924050632912
One eye: total vision impairment; other eye: normal vision,0.199,0.053,0.744,0.016,0.05913924050632912
Other nervous system complications,0.167,0.039,0.721,0.016,0.05913924050632912
Local infection due to central venous catheter,0.149,0.031,0.705,0.016,0.05913924050632912
"Digestive system complications, not elsewhere classified",1.504,1.077,2.101,0.017,0.0621097208854668
Other postprocedural status,0.784,0.642,0.957,0.017,0.0621097208854668
Bronchiectasis without acute exacerbation,0.65,0.456,0.927,0.017,0.0621097208854668
Unspecified transient cerebral ischemia,0.612,0.408,0.917,0.017,0.0621097208854668
"Hypogammaglobulinemia, unspecified",0.585,0.377,0.907,0.017,0.0621097208854668
"Acute osteomyelitis, ankle and foot",0.481,0.263,0.879,0.017,0.0621097208854668
Panhypopituitarism,0.379,0.171,0.841,0.017,0.0621097208854668
Dermatophytosis of foot,0.276,0.096,0.793,0.017,0.0621097208854668
Other accident caused by striking against or being struck accidentally by objects or persons,0.256,0.084,0.782,0.017,0.0621097208854668
Other and unspecified manifestations of thiamine deficiency,0.213,0.06,0.761,0.017,0.0621097208854668
"Dysphagia, pharyngeal phase",0.185,0.046,0.74,0.017,0.0621097208854668
"Abdominal pain, left upper quadrant",0.178,0.043,0.738,0.017,0.0621097208854668
Infection of colostomy or enterostomy,3.85,1.258,11.78,0.018,0.06526074498567334
"Closed fracture of scapula, other",3.118,1.212,8.022,0.018,0.06526074498567334
Other accidental fall from one level to another,1.776,1.104,2.856,0.018,0.06526074498567334
Multiple sclerosis,1.426,1.063,1.913,0.018,0.06526074498567334
Ventilator associated pneumonia,0.714,0.541,0.943,0.018,0.06526074498567334
Closed fracture of second cervical vertebra,0.575,0.364,0.909,0.018,0.06526074498567334
Embolism and thrombosis of other specified artery,0.395,0.184,0.85,0.018,0.06526074498567334
Other specified erythematous conditions,0.385,0.175,0.846,0.018,0.06526074498567334
Ankylosing spondylitis,2.117,1.131,3.964,0.019,0.06817013232514178
Giant cell arteritis,1.724,1.094,2.716,0.019,0.06817013232514178
Secondary malignant neoplasm of brain and spinal cord,1.232,1.035,1.465,0.019,0.06817013232514178
Interstitial emphysema,0.35,0.145,0.844,0.019,0.06817013232514178
"Cellulitis and abscess of hand, except fingers and thumb",0.348,0.145,0.839,0.019,0.06817013232514178
"Family history of malignant neoplasm, bladder",0.194,0.049,0.766,0.019,0.06817013232514178
End stage heart failure,0.19,0.047,0.758,0.019,0.06817013232514178
Overweight,0.175,0.041,0.751,0.019,0.06817013232514178
Postmenopausal bleeding,0.163,0.036,0.742,0.019,0.06817013232514178
"Tinnitus, unspecified",0.156,0.033,0.734,0.019,0.06817013232514178
Generalized hyperhidrosis,0.154,0.033,0.732,0.019,0.06817013232514178
Heteronymous bilateral field defects,3.044,1.192,7.772,0.02,0.07155513666352498
"Body Mass Index 29.0-29.9, adult",1.713,1.087,2.698,0.02,0.07155513666352498
Unspecified disease of pancreas,0.496,0.275,0.896,0.02,0.07155513666352498
Other neutropenia,2.751,1.165,6.498,0.021,0.07429263746505126
Tietze's disease,2.021,1.114,3.669,0.021,0.07429263746505126
Herpes simplex without mention of complication,1.718,1.087,2.717,0.021,0.07429263746505126
Chronic combined systolic and diastolic heart failure,1.409,1.052,1.887,0.021,0.07429263746505126
Diaphragmatic hernia without mention of obstruction or gangrene,0.783,0.637,0.963,0.021,0.07429263746505126
Other specified disorders of skin,0.396,0.181,0.87,0.021,0.07429263746505126
"Unspecified fracture of ankle, closed",0.384,0.17,0.865,0.021,0.07429263746505126
Cramp of limb,0.344,0.139,0.852,0.021,0.07429263746505126
"Aseptic necrosis of bone, other",0.244,0.073,0.81,0.021,0.07429263746505126
Closed fracture of trochanteric section of neck of femur,0.237,0.07,0.806,0.021,0.07429263746505126
Infection with microorganisms without mention of resistance to multiple quinolones and fluroquinolones,0.19,0.047,0.775,0.021,0.07429263746505126
"Non-autoimmune hemolytic anemia, unspecified",0.172,0.039,0.766,0.021,0.07429263746505126
Mood disorder in conditions classified elsewhere,3.974,1.217,12.973,0.022,0.07732592592592592
Nonspecific abnormal results of function study of liver,1.709,1.081,2.701,0.022,0.07732592592592592
Closed fracture of nasal bones,1.585,1.068,2.35,0.022,0.07732592592592592
Other musculoskeletal symptoms referable to limbs,0.732,0.56,0.956,0.022,0.07732592592592592
Attention deficit disorder without mention of hyperactivity,0.523,0.301,0.91,0.022,0.07732592592592592
Other specified analgesics and antipyretics causing adverse effects in therapeutic use,0.389,0.173,0.875,0.022,0.07732592592592592
Acute appendicitis with generalized peritonitis,0.244,0.073,0.816,0.022,0.07732592592592592
Flaccid hemiplegia and hemiparesis affecting nondominant side,2.89,1.159,7.211,0.023,0.07995238095238096
Antiallergic and antiemetic drugs causing adverse effects in therapeutic use,2.788,1.149,6.766,0.023,0.07995238095238096
"Hypertensive chronic kidney disease, malignant, with chronic kidney disease stage V or end stage renal disease",1.537,1.06,2.229,0.023,0.07995238095238096
Other speech disturbance,1.524,1.06,2.192,0.023,0.07995238095238096
Cervical spondylosis without myelopathy,0.677,0.484,0.947,0.023,0.07995238095238096
Complications of transplanted kidney,0.672,0.477,0.948,0.023,0.07995238095238096
"Acquired absence of organ, genital organs",0.614,0.402,0.936,0.023,0.07995238095238096
Brachial neuritis or radiculitis NOS,0.347,0.14,0.862,0.023,0.07995238095238096
Other inflammatory disorders of male genital organs,0.226,0.063,0.816,0.023,0.07995238095238096
Septicemia due to serratia,0.212,0.055,0.81,0.023,0.07995238095238096
"Pyogenic arthritis, pelvic region and thigh",0.155,0.031,0.771,0.023,0.07995238095238096
"Gastric mucosal hypertrophy, without mention of hemorrhage",0.139,0.025,0.759,0.023,0.07995238095238096
Personal history of (corrected) congenital malformations of heart and circulatory system,3.444,1.181,10.041,0.024,0.08274659400544959
"Other and unspecified cerebral laceration and contusion, without mention of open intracranial wound, with loss of consciousness of unspecified duration",3.12,1.159,8.396,0.024,0.08274659400544959
Personal history of poliomyelitis,2.428,1.127,5.233,0.024,0.08274659400544959
"Chronic kidney disease, Stage II (mild)",0.685,0.493,0.951,0.024,0.08274659400544959
Septicemia due to pseudomonas,0.483,0.257,0.908,0.024,0.08274659400544959
Peripheral angiopathy in diseases classified elsewhere,0.429,0.206,0.894,0.024,0.08274659400544959
Benign neoplasm of pituitary gland and craniopharyngeal duct,0.393,0.175,0.883,0.024,0.08274659400544959
Other specified disorders of bladder (2),0.328,0.125,0.864,0.024,0.08274659400544959
"Other forms of migraine, without mention of intractable migraine without mention of status migrainosus",0.218,0.058,0.817,0.024,0.08274659400544959
"Pressure ulcer, heel",1.443,1.047,1.99,0.025,0.0857271906052394
Pathologic fracture of other specified site,0.538,0.314,0.924,0.025,0.0857271906052394
"Streptococcus infection in conditions classified elsewhere and of unspecified site, streptococcus, group B",0.492,0.265,0.914,0.025,0.0857271906052394
Contusion of knee,0.323,0.12,0.869,0.025,0.0857271906052394
Hemangioma of intra-abdominal structures,0.304,0.107,0.863,0.025,0.0857271906052394
Peritonsillar abscess,0.229,0.063,0.833,0.025,0.0857271906052394
"Intracranial injury of other and unspecified nature without mention of open intracranial wound, with loss of consciousness of unspecified duration",2.956,1.141,7.659,0.026,0.08859605026929981
Abnormal feces,2.115,1.094,4.088,0.026,0.08859605026929981
"Personal history, urinary (tract) infection",0.753,0.586,0.967,0.026,0.08859605026929981
Von Willebrand's disease,0.208,0.052,0.83,0.026,0.08859605026929981
Mechanical complication due to urethral (indwelling) catheter,0.175,0.038,0.813,0.026,0.08859605026929981
NIHSS score 4,0.161,0.032,0.802,0.026,0.08859605026929981
"Corneal ulcer, unspecified",0.137,0.024,0.791,0.026,0.08859605026929981
"Heart failure, unspecified",3.0,1.132,7.95,0.027,0.09142908117752008
"Diabetes with neurological manifestations, type II or unspecified type, uncontrolled",1.668,1.059,2.628,0.027,0.09142908117752008
"Diabetes with ketoacidosis, type I (juvenile type), uncontrolled",0.427,0.201,0.907,0.027,0.09142908117752008
Unspecified hemorrhoids with other complication,0.426,0.2,0.908,0.027,0.09142908117752008
"Acute sinusitis, unspecified",0.333,0.126,0.881,0.027,0.09142908117752008
"Major depressive affective disorder, recurrent episode, severe, specified as with psychotic behavior",0.231,0.063,0.845,0.027,0.09142908117752008
"Cocaine abuse, in remission",0.205,0.05,0.835,0.027,0.09142908117752008
"Injury to other intra-abdominal organs with open wound into cavity, peritoneum",5.801,1.207,27.869,0.028,0.09406017699115045
Foreign body in trachea,4.567,1.177,17.715,0.028,0.09406017699115045
Other specified hemiplegia and hemiparesis affecting unspecified side,3.178,1.132,8.922,0.028,0.09406017699115045
"Infection and inflammatory reaction due to cardiac device, implant, and graft",1.727,1.062,2.808,0.028,0.09406017699115045
"Body Mass Index 35.0-35.9, adult",1.641,1.054,2.557,0.028,0.09406017699115045
Nontraumatic hematoma of soft tissue,0.585,0.363,0.945,0.028,0.09406017699115045
Other closed transcervical fracture of neck of femur,0.476,0.245,0.925,0.028,0.09406017699115045
Chronic pain syndrome,0.463,0.232,0.921,0.028,0.09406017699115045
"Sensorineural hearing loss, unspecified",0.418,0.192,0.912,0.028,0.09406017699115045
Family history of diabetes mellitus,0.559,0.331,0.944,0.029,0.0969049295774648
Acute venous embolism and thrombosis of other specified veins,0.309,0.108,0.889,0.029,0.0969049295774648
"Acute conjunctivitis, unspecified",0.218,0.056,0.855,0.029,0.0969049295774648
Unspecified nontoxic nodular goiter,0.214,0.053,0.854,0.029,0.0969049295774648
Occlusion and stenosis of unspecified precerebral artery with cerebral infarction,0.19,0.043,0.84,0.029,0.0969049295774648
Other specified iron deficiency anemias,0.139,0.024,0.819,0.029,0.0969049295774648
"Urinary complications, not elsewhere classified",0.647,0.436,0.959,0.03,0.09971978984238178
Angiodysplasia of stomach and duodenum without mention of hemorrhage,0.488,0.256,0.932,0.03,0.09971978984238178
Rotator cuff (capsule) sprain,0.252,0.073,0.874,0.03,0.09971978984238178
Other alcohol-induced mental disorders,0.188,0.041,0.849,0.03,0.09971978984238178
Closed fracture of greater tuberosity of humerus,0.184,0.04,0.85,0.03,0.09971978984238178
Primary central sleep apnea,0.17,0.035,0.84,0.03,0.09971978984238178
Other specified disorders of pancreatic internal secretion,3.158,1.114,8.952,0.031,0.10259459459459461
"Personal history of leukemia, unspecified",2.497,1.086,5.737,0.031,0.10259459459459461
Hematoma complicating a procedure,1.331,1.026,1.727,0.031,0.10259459459459461
Blood vessel replaced by other means,0.542,0.311,0.945,0.031,0.10259459459459461
Aftercare for healing traumatic fracture of lower leg,0.203,0.048,0.867,0.031,0.10259459459459461
"Other and unspecified intracranial hemorrhage following injury without mention of open intracranial wound, with loss of consciousness of unspecified duration",2.865,1.093,7.508,0.032,0.10480759275237274
Pneumonia due to escherichia coli (E. coli),2.183,1.068,4.46,0.032,0.10480759275237274
Dyspepsia and other specified disorders of function of stomach,1.755,1.049,2.936,0.032,0.10480759275237274
"Acute edema of lung, unspecified",1.357,1.026,1.795,0.032,0.10480759275237274
"Coronary atherosclerosis of unspecified type of vessel, native or graft",1.163,1.013,1.334,0.032,0.10480759275237274
Other specified cardiac dysrhythmias,1.147,1.012,1.3,0.032,0.10480759275237274
Dermatitis due to drugs and medicines taken internally,0.727,0.543,0.973,0.032,0.10480759275237274
Unspecified sedatives and hypnotics causing adverse effects in therapeutic use,0.467,0.233,0.935,0.032,0.10480759275237274
Peripheral autonomic neuropathy in disorders classified elsewhere,0.386,0.161,0.921,0.032,0.10480759275237274
Laceration of skin of eyelid and periocular area,0.267,0.08,0.891,0.032,0.10480759275237274
"Prostatitis, unspecified",0.23,0.06,0.883,0.032,0.10480759275237274
"Degeneration of intervertebral disc, site unspecified",0.221,0.055,0.88,0.032,0.10480759275237274
Disseminated candidiasis,1.963,1.056,3.648,0.033,0.10734190231362468
Ileostomy status,0.693,0.495,0.97,0.033,0.10734190231362468
Toxic diffuse goiter without mention of thyrotoxic crisis or storm,0.563,0.332,0.954,0.033,0.10734190231362468
Palpitations,0.516,0.281,0.947,0.033,0.10734190231362468
"Acquired absence of organ, other parts of urinary tract",0.293,0.095,0.906,0.033,0.10734190231362468
NIHSS score 0,0.286,0.091,0.903,0.033,0.10734190231362468
Personal history of other diseases of circulatory system,0.265,0.078,0.897,0.033,0.10734190231362468
Hypertensive encephalopathy,0.248,0.069,0.891,0.033,0.10734190231362468
Nonproliferative diabetic retinopathy NOS,3.544,1.098,11.437,0.034,0.11012286689419797
"Other complications due to other vascular device, implant, and graft",1.387,1.026,1.875,0.034,0.11012286689419797
"Hematuria, unspecified",0.771,0.605,0.981,0.034,0.11012286689419797
Malignant neoplasm of main bronchus,0.508,0.272,0.949,0.034,0.11012286689419797
Closed fracture of shaft of humerus,0.175,0.035,0.875,0.034,0.11012286689419797
Helicobacter pylori (H. pylori),0.538,0.303,0.957,0.035,0.1129761904761905
Umbilical hernia with obstruction,0.289,0.091,0.916,0.035,0.1129761904761905
Encounter for extracorporeal dialysis,0.238,0.063,0.903,0.035,0.1129761904761905
"Bipolar I disorder, most recent episode (or current) manic, unspecified",0.227,0.057,0.899,0.035,0.1129761904761905
Nonspecific (abnormal) findings on radiological and other examination of lung field,2.463,1.06,5.721,0.036,0.11532151898734176
Other specified disorders of intestine,1.831,1.042,3.219,0.036,0.11532151898734176
Methicillin resistant Staphylococcus aureus in conditions classified elsewhere and of unspecified site,1.328,1.019,1.731,0.036,0.11532151898734176
Other nonspecific abnormal serum enzyme levels,0.698,0.499,0.976,0.036,0.11532151898734176
Chronic pulmonary embolism,0.546,0.311,0.961,0.036,0.11532151898734176
Unspecified chronic liver disease without mention of alcohol,0.333,0.119,0.929,0.036,0.11532151898734176
Assault by unspecified means,0.235,0.061,0.91,0.036,0.11532151898734176
Bacteroides fragilis,0.217,0.052,0.903,0.036,0.11532151898734176
Saluretics causing adverse effects in therapeutic use,0.201,0.045,0.904,0.036,0.11532151898734176
Pneumonia due to Klebsiella pneumoniae,1.851,1.038,3.299,0.037,0.11792779177162048
Other antihypertensive agents causing adverse effects in therapeutic use,0.523,0.285,0.962,0.037,0.11792779177162048
Other and unspecified diseases of upper respiratory tract,0.445,0.208,0.952,0.037,0.11792779177162048
Atony of bladder,0.333,0.119,0.933,0.037,0.11792779177162048
"Genital herpes, unspecified",0.251,0.068,0.922,0.037,0.11792779177162048
Polyarteritis nodosa,0.168,0.031,0.9,0.037,0.11792779177162048
Nonspecific abnormal results of pulmonary function study,4.226,1.084,16.482,0.038,0.1203069224353628
Long-term (current) use of steroids,1.198,1.01,1.421,0.038,0.1203069224353628
Wegener's granulomatosis,0.387,0.158,0.949,0.038,0.1203069224353628
Proteinuria,0.385,0.157,0.947,0.038,0.1203069224353628
"Third or oculomotor nerve palsy, partial",0.357,0.135,0.946,0.038,0.1203069224353628
"Malignant neoplasm of cervix uteri, unspecified site",0.327,0.114,0.939,0.038,0.1203069224353628
Hemangioma of intracranial structures,0.288,0.089,0.933,0.038,0.1203069224353628
Excessive or frequent menstruation,0.208,0.047,0.915,0.038,0.1203069224353628
Street and highway accidents,0.638,0.416,0.978,0.039,0.12296013289036545
"Inguinal hernia, without mention of obstruction or gangrene, unilateral or unspecified (not specified as recurrent)",0.573,0.337,0.973,0.039,0.12296013289036545
Nonunion of fracture,0.366,0.141,0.95,0.039,0.12296013289036545
Regional enteritis of large intestine,0.267,0.076,0.935,0.039,0.12296013289036545
Allergic urticaria,0.263,0.074,0.937,0.039,0.12296013289036545
Central retinal artery occlusion,3.012,1.051,8.631,0.04,0.12538398018166805
Other pneumothorax,1.555,1.021,2.368,0.04,0.12538398018166805
"Body Mass Index 50.0-59.9, adult",0.582,0.347,0.975,0.04,0.12538398018166805
Dissection of vertebral artery,0.329,0.114,0.95,0.04,0.12538398018166805
"Rheumatic heart disease, unspecified",0.276,0.081,0.945,0.04,0.12538398018166805
Folate-deficiency anemia,0.236,0.06,0.933,0.04,0.12538398018166805
Alcohol-induced persisting amnestic disorder,0.158,0.027,0.918,0.04,0.12538398018166805
"Aplastic anemia, unspecified",2.649,1.04,6.748,0.041,0.12799013157894737
Polyneuropathy in diabetes,1.313,1.011,1.705,0.041,0.12799013157894737
Diplopia,0.552,0.313,0.976,0.041,0.12799013157894737
Pathological drug intoxication,0.207,0.046,0.935,0.041,0.12799013157894737
Diverticulitis of colon with hemorrhage,0.204,0.045,0.935,0.041,0.12799013157894737
"Mycosis fungoides, unspecified site, extranodal and solid organ sites",2.141,1.028,4.459,0.042,0.13078917145200986
"Pain in joint, ankle and foot",0.365,0.138,0.966,0.042,0.13078917145200986
Precordial pain,0.254,0.068,0.952,0.042,0.13078917145200986
"Diabetes mellitus without mention of complication, type I (juvenile type), not stated as uncontrolled",1.486,1.013,2.18,0.043,0.13335620915032678
Other specified disorders of liver,0.603,0.37,0.983,0.043,0.13335620915032678
Other specified visual disturbances,0.58,0.342,0.982,0.043,0.13335620915032678
Alcohol-induced persisting dementia,0.226,0.054,0.957,0.043,0.13335620915032678
Other calculus in bladder,0.19,0.038,0.951,0.043,0.13335620915032678
"Ptosis of eyelid, unspecified",1.808,1.015,3.222,0.044,0.13623491027732462
Influenza with pneumonia,0.599,0.364,0.986,0.044,0.13623491027732462
"Other and unspecified alcohol dependence, continuous",1.344,1.006,1.795,0.045,0.13876523151909015
Family history of malignant neoplasm of breast,0.729,0.535,0.993,0.045,0.13876523151909015
Monoclonal paraproteinemia,0.698,0.491,0.992,0.045,0.13876523151909015
Closed fracture of middle or proximal phalanx or phalanges of hand,0.246,0.062,0.971,0.045,0.13876523151909015
Heartburn,0.231,0.055,0.966,0.045,0.13876523151909015
Foreign body in larynx,2.087,1.011,4.308,0.046,0.1417337662337662
Attention to gastrostomy,0.547,0.301,0.993,0.047,0.14458022690437602
"Open wound of knee, leg (except thigh), and ankle, without mention of complication",0.507,0.26,0.991,0.047,0.14458022690437602
Other abnormal heart sounds,4.656,1.011,21.45,0.048,0.146941935483871
Unspecified hypertensive heart disease without heart failure,2.618,1.008,6.798,0.048,0.146941935483871
Diverticulosis of colon (without mention of hemorrhage),1.19,1.002,1.413,0.048,0.146941935483871
Pseudomonas infection in conditions classified elsewhere and of unspecified site,0.766,0.588,0.997,0.048,0.146941935483871
Drug withdrawal,0.527,0.279,0.994,0.048,0.146941935483871
Unspecified disorder of liver,0.417,0.175,0.994,0.048,0.146941935483871
Elevated blood pressure reading without diagnosis of hypertension,0.528,0.28,0.998,0.049,0.14964119066773934
"Body Mass Index 40 and over, adult",0.348,0.122,0.998,0.049,0.14964119066773934
Chronic venous embolism and thrombosis of other thoracic veins,0.185,0.034,0.995,0.049,0.14964119066773934
Malignant neoplasm of pyloric antrum,2.736,0.998,7.498,0.05,0.15232744783306584
Traumatic subcutaneous emphysema,0.343,0.117,1.0,0.05,0.15232744783306584
"Opioid type dependence, in remission",0.251,0.063,0.997,0.05,0.15232744783306584
"Alcoholic gastritis, with hemorrhage",6.217,0.995,38.857,0.051,0.15475299760191846
Absence of menstruation,3.324,0.996,11.094,0.051,0.15475299760191846
Primary hypercoagulable state,0.727,0.527,1.001,0.051,0.15475299760191846
"Mechanical complication of nervous system device, implant, and graft",0.268,0.071,1.005,0.051,0.15475299760191846
"Late effects of cerebrovascular disease, dysphasia",0.241,0.057,1.007,0.051,0.15475299760191846
Mitral stenosis with insufficiency,2.286,0.993,5.263,0.052,0.1571592356687898
Other drug-induced pancytopenia,2.043,0.993,4.203,0.052,0.1571592356687898
"Diabetes with renal manifestations, type II or unspecified type, not stated as uncontrolled",1.153,0.999,1.332,0.052,0.1571592356687898
"Organic sleep apnea, unspecified",0.519,0.268,1.007,0.052,0.1571592356687898
Disorders of iron metabolism,0.307,0.093,1.01,0.052,0.1571592356687898
"Torticollis, unspecified",2.665,0.989,7.181,0.053,0.15941996830427893
Occlusion and stenosis of multiple and bilateral precerebral arteries with cerebral infarction,2.47,0.987,6.184,0.053,0.15941996830427893
Accidental fall from or out of building or other structure,2.047,0.989,4.237,0.053,0.15941996830427893
Acute on chronic combined systolic and diastolic heart failure,0.763,0.58,1.004,0.053,0.15941996830427893
Postprocedural fever,0.642,0.41,1.005,0.053,0.15941996830427893
Other specified counseling,0.244,0.058,1.018,0.053,0.15941996830427893
Closed fracture of intertrochanteric section of neck of femur,1.347,0.995,1.825,0.054,0.16178689818468825
Displacement of lumbar intervertebral disc without myelopathy,0.669,0.445,1.006,0.054,0.16178689818468825
Late effects of motor vehicle accident,0.446,0.197,1.013,0.054,0.16178689818468825
Other specified anomalies of kidney,0.269,0.071,1.022,0.054,0.16178689818468825
Malignant hypertensive heart disease without heart failure,0.197,0.038,1.027,0.054,0.16178689818468825
Other and unspecified diseases of the oral soft tissues,1.706,0.989,2.944,0.055,0.1640062843676355
"Leukocytopenia, unspecified",0.719,0.513,1.008,0.055,0.1640062843676355
Herpes simplex otitis externa,0.283,0.078,1.029,0.055,0.1640062843676355
Exudative senile macular degeneration,0.253,0.063,1.027,0.055,0.1640062843676355
"Family history of malignant neoplasm of genital organ, unspecified",0.205,0.041,1.037,0.055,0.1640062843676355
Chronic viral hepatitis B with hepatic coma without hepatitis delta,0.164,0.026,1.038,0.055,0.1640062843676355
"Calculus of gallbladder without mention of cholecystitis, with obstruction",2.523,0.977,6.514,0.056,0.16633489827856024
"Cellulitis and abscess of leg, except foot",0.836,0.696,1.005,0.056,0.16633489827856024
Intestinovesical fistula,0.339,0.112,1.028,0.056,0.16633489827856024
"Amphetamine or related acting sympathomimetic abuse, unspecified",0.248,0.059,1.035,0.056,0.16633489827856024
Other acute pericarditis,0.17,0.027,1.05,0.056,0.16633489827856024
"Fistula of intestine, excluding rectum and anus",1.561,0.986,2.472,0.058,0.17160405300077944
Antineoplastic chemotherapy induced anemia,0.742,0.545,1.01,0.058,0.17160405300077944
"Opioid type dependence, unspecified",0.665,0.437,1.014,0.058,0.17160405300077944
Gastroptosis,0.662,0.433,1.013,0.058,0.17160405300077944
Other rheumatoid arthritis with visceral or systemic involvement,0.149,0.021,1.071,0.058,0.17160405300077944
"Allergy, unspecified, not elsewhere classified",2.152,0.973,4.764,0.059,0.17388509316770184
"Personal history of irradiation, presenting hazards to health",0.856,0.728,1.006,0.059,0.17388509316770184
"Open wound of forearm, without mention of complication",0.293,0.082,1.05,0.059,0.17388509316770184
"Retinal vascular occlusion, unspecified",0.206,0.04,1.061,0.059,0.17388509316770184
"Malignant neoplasm of vulva, unspecified site",0.181,0.031,1.07,0.059,0.17388509316770184
Carcinoma in situ of breast,2.104,0.971,4.563,0.06,0.17642137877614253
Other severe protein-calorie malnutrition,1.234,0.991,1.536,0.06,0.17642137877614253
"Electrolytic, caloric, and water-balance agents causing adverse effects in therapeutic use",0.222,0.046,1.064,0.06,0.17642137877614253
"Unspecified causes of encephalitis, myelitis, and encephalomyelitis",2.416,0.96,6.08,0.061,0.1785319969159599
Polyneuropathy due to drugs,1.597,0.978,2.606,0.061,0.1785319969159599
Other specified disorders of circulatory system,1.408,0.985,2.012,0.061,0.1785319969159599
Unspecified protein-calorie malnutrition,0.827,0.678,1.008,0.061,0.1785319969159599
Ulcer of heel and midfoot,0.748,0.552,1.013,0.061,0.1785319969159599
Laparoscopic surgical procedure converted to open procedure,0.551,0.296,1.027,0.061,0.1785319969159599
"Paralysis of vocal cords or larynx, unspecified",2.141,0.963,4.762,0.062,0.18090084550345886
"Acute osteomyelitis, other specified sites",2.002,0.966,4.148,0.062,0.18090084550345886
Benign paroxysmal positional vertigo,0.593,0.343,1.026,0.062,0.18090084550345886
"Accidental cut, puncture, perforation or hemorrhage during other specified medical care",0.494,0.236,1.037,0.062,0.18090084550345886
Phlebitis and thrombophlebitis of intracranial venous sinuses,2.219,0.957,5.144,0.063,0.18339570552147239
"Spinal stenosis, lumbar region, without neurogenic claudication",0.767,0.58,1.014,0.063,0.18339570552147239
Dermatophytosis of the body,0.187,0.032,1.095,0.063,0.18339570552147239
Family history of sudden cardiac death (SCD),2.376,0.951,5.939,0.064,0.18559511077158136
Unspecified sinusitis (chronic),0.654,0.417,1.024,0.064,0.18559511077158136
Late effects of other accidents,0.348,0.114,1.064,0.064,0.18559511077158136
Stenosis of larynx,0.281,0.073,1.075,0.064,0.18559511077158136
"Hypertensive heart and chronic kidney disease, malignant, without heart failure and with chronic kidney disease stage I through stage IV, or unspecified",0.196,0.035,1.099,0.064,0.18559511077158136
"Acute myocardial infarction of other inferior wall, initial episode of care",1.604,0.972,2.649,0.065,0.18792079207920792
"Cerebral degeneration, unspecified",0.36,0.122,1.067,0.065,0.18792079207920792
Brachial plexus lesions,0.235,0.05,1.096,0.065,0.18792079207920792
"Autistic disorder, current or active state",0.14,0.017,1.13,0.065,0.18792079207920792
Polyneuropathy in malignant disease,3.103,0.926,10.396,0.066,0.18922658610271906
Subacute dyskinesia due to drugs,2.491,0.94,6.605,0.066,0.18922658610271906
"Acute myocardial infarction of other lateral wall, initial episode of care",2.441,0.943,6.322,0.066,0.18922658610271906
Enteritis due to norwalk virus,2.231,0.95,5.243,0.066,0.18922658610271906
Other lymphatic and hematopoietic tissues,1.768,0.964,3.243,0.066,0.18922658610271906
Other postoperative infection,1.237,0.986,1.553,0.066,0.18922658610271906
Rectal prolapse,0.422,0.168,1.06,0.066,0.18922658610271906
Urgency of urination,0.39,0.143,1.063,0.066,0.18922658610271906
"Stenosis of coronary artery stent, initial encounter",0.318,0.094,1.079,0.066,0.18922658610271906
Proliferative diabetic retinopathy,0.235,0.05,1.103,0.066,0.18922658610271906
"Postoperative shock, unspecified",0.194,0.034,1.114,0.066,0.18922658610271906
Infection of gastrostomy,2.73,0.932,7.995,0.067,0.19122706766917294
Gross hematuria,0.755,0.558,1.02,0.067,0.19122706766917294
Benign neoplasm of cerebral meninges,0.706,0.487,1.025,0.067,0.19122706766917294
Malignant neoplasm of cardia,0.515,0.253,1.048,0.067,0.19122706766917294
"Acquired absence of organ, stomach",0.425,0.17,1.061,0.067,0.19122706766917294
Idiopathic myocarditis,0.209,0.039,1.116,0.067,0.19122706766917294
Personal history of malignant neoplasm of other parts of uterus,0.747,0.547,1.022,0.068,0.19364441110277572
Other tenosynovitis of hand and wrist,0.271,0.067,1.102,0.068,0.19364441110277572
"Streptococcus infection in conditions classified elsewhere and of unspecified site, streptococcus, unspecified",0.256,0.059,1.106,0.068,0.19364441110277572
"Malignant neoplasm of peritoneum, unspecified",2.579,0.93,7.15,0.069,0.19502903946388683
Rheumatic heart failure (congestive),1.755,0.958,3.217,0.069,0.19502903946388683
"Cellulitis and abscess of toe, unspecified",1.499,0.968,2.32,0.069,0.19502903946388683
Malignant neoplasm of intrahepatic bile ducts,1.44,0.973,2.133,0.069,0.19502903946388683
"Late effects of cerebrovascular disease, aphasia",0.75,0.549,1.023,0.069,0.19502903946388683
Infection (chronic) of amputation stump,0.445,0.186,1.066,0.069,0.19502903946388683
Incomplete bladder emptying,0.427,0.17,1.07,0.069,0.19502903946388683
"Other vascular complications of medical care, not elsewhere classified",0.362,0.121,1.084,0.069,0.19502903946388683
"Spinal stenosis, thoracic region",0.273,0.067,1.105,0.069,0.19502903946388683
Chronic inflammatory demyelinating polyneuritis,0.236,0.05,1.121,0.069,0.19502903946388683
"Other benign neoplasm of connective and other soft tissue, site unspecified",3.392,0.905,12.704,0.07,0.19726800296956198
Orbital cellulitis,2.769,0.919,8.341,0.07,0.19726800296956198
Mechanical complication due to heart valve prosthesis,2.21,0.938,5.204,0.07,0.19726800296956198
Dysuria,0.591,0.335,1.045,0.07,0.19726800296956198
Bandemia,3.066,0.907,10.357,0.071,0.19964148148148148
Unspecified nonpsychotic mental disorder following organic brain damage,0.193,0.032,1.15,0.071,0.19964148148148148
Other ventral hernia with obstruction,0.185,0.03,1.153,0.071,0.19964148148148148
Pure hyperglyceridemia,1.498,0.965,2.323,0.072,0.2014089904200442
Disruption of external operation (surgical) wound,0.638,0.391,1.041,0.072,0.2014089904200442
"Duodenal ulcer, unspecified as acute or chronic, without hemorrhage or perforation, without mention of obstruction",0.63,0.381,1.042,0.072,0.2014089904200442
Accidents occurring in place for recreation and sport,0.46,0.198,1.071,0.072,0.2014089904200442
Diverticulum of bladder,0.339,0.104,1.101,0.072,0.2014089904200442
Flaccid hemiplegia and hemiparesis affecting dominant side,0.268,0.064,1.125,0.072,0.2014089904200442
"Opioid abuse, in remission",0.26,0.06,1.126,0.072,0.2014089904200442
Hypertrophic obstructive cardiomyopathy (2),1.731,0.951,3.151,0.073,0.2024163623082542
Pneumonia due to Hemophilus influenzae (H. influenzae),1.723,0.951,3.122,0.073,0.2024163623082542
Other urinary incontinence,1.625,0.955,2.764,0.073,0.2024163623082542
"Calculus of bile duct without mention of cholecystitis, without mention of obstruction",1.38,0.97,1.963,0.073,0.2024163623082542
Hypercalcemia,1.223,0.982,1.524,0.073,0.2024163623082542
"Other acute and subacute forms of ischemic heart disease, other",1.218,0.982,1.512,0.073,0.2024163623082542
First degree atrioventricular block,0.651,0.407,1.041,0.073,0.2024163623082542
Cervical spondylosis with myelopathy,0.613,0.359,1.047,0.073,0.2024163623082542
Dermatophytosis of nail,0.369,0.124,1.098,0.073,0.2024163623082542
Unspecified external cause status,0.349,0.11,1.102,0.073,0.2024163623082542
Aneurysm of subclavian artery,0.312,0.087,1.115,0.073,0.2024163623082542
Closed fracture of anatomical neck of humerus,0.189,0.031,1.169,0.073,0.2024163623082542
NIHSS score 9,3.553,0.885,14.266,0.074,0.2042938181818182
Other specified congenital anomalies,2.272,0.923,5.595,0.074,0.2042938181818182
Persistent postoperative fistula,1.741,0.947,3.198,0.074,0.2042938181818182
Personal history of traumatic fracture,0.683,0.449,1.038,0.074,0.2042938181818182
"Other forms of epilepsy and recurrent seizures, without mention of intractable epilepsy",0.616,0.362,1.048,0.074,0.2042938181818182
Hemangioma of other sites,0.247,0.053,1.144,0.074,0.2042938181818182
"Large cell lymphoma, unspecified site, extranodal and solid organ sites",2.493,0.912,6.818,0.075,0.20675381263616557
Nonspecific reaction to tuberculin skin test without active tuberculosis,1.863,0.94,3.695,0.075,0.20675381263616557
Hypothermia,2.319,0.916,5.868,0.076,0.20920667150108774
"Closed fracture of base of skull with subarachnoid, subdural, and extradural hemorrhage, with brief (less than one hour) loss of consciousness",0.279,0.068,1.143,0.076,0.20920667150108774
Congenital quadriplegia,2.752,0.896,8.453,0.077,0.2105850144092219
Neutropenia due to infection,1.902,0.932,3.881,0.077,0.2105850144092219
"Unspecified gastritis and gastroduodenitis, without mention of hemorrhage",0.79,0.608,1.026,0.077,0.2105850144092219
Other psoriasis,0.765,0.568,1.03,0.077,0.2105850144092219
"Removal of other organ (partial) (total) causing abnormal patient reaction, or later complication, without mention of misadventure at time of operation",0.76,0.561,1.031,0.077,0.2105850144092219
"Certain sequelae of myocardial infarction, not elsewhere classified, other",0.539,0.271,1.07,0.077,0.2105850144092219
Drug-induced psychotic disorder with hallucinations,0.325,0.094,1.128,0.077,0.2105850144092219
"Chronic osteomyelitis, lower leg",0.249,0.053,1.161,0.077,0.2105850144092219
Vascular disorders of male genital organs,0.235,0.047,1.171,0.077,0.2105850144092219
Corns and callosities,3.452,0.869,13.722,0.078,0.21270689655172412
Contusion of lower leg,1.816,0.936,3.525,0.078,0.21270689655172412
Rheumatoid arthritis,0.851,0.712,1.018,0.078,0.21270689655172412
Right bundle branch block,0.761,0.562,1.031,0.078,0.21270689655172412
Unspecified disorder of bladder,0.212,0.038,1.198,0.079,0.21527925340990667
"Other myeloid leukemia, in relapse",4.929,0.827,29.379,0.08,0.2169142857142857
Right bundle branch block and left posterior fascicular block,1.83,0.93,3.6,0.08,0.2169142857142857
Pure hypercholesterolemia,1.078,0.991,1.173,0.08,0.2169142857142857
Pain in limb,0.795,0.615,1.028,0.08,0.2169142857142857
Laparoscopic surgical procedure converted to open procedure (2),0.311,0.084,1.151,0.08,0.2169142857142857
"Major depressive affective disorder, single episode, severe, specified as with psychotic behavior",0.301,0.078,1.157,0.08,0.2169142857142857
Closed Colles' fracture,0.265,0.06,1.172,0.08,0.2169142857142857
"Acute osteomyelitis, pelvic region and thigh",3.316,0.861,12.775,0.081,0.21884412811387902
"Osteoarthrosis, localized, primary, hand",2.639,0.888,7.844,0.081,0.21884412811387902
"Hypertensive heart and chronic kidney disease, malignant, with heart failure and with chronic kidney disease stage V or end stage renal disease",0.677,0.437,1.05,0.081,0.21884412811387902
Other impaction of intestine,0.405,0.147,1.118,0.081,0.21884412811387902
Monoplegia of upper limb affecting dominant side,0.236,0.046,1.197,0.081,0.21884412811387902
Closed fracture of sternal end of clavicle,2.961,0.871,10.065,0.082,0.2207602836879433
Disturbance of salivary secretion,2.318,0.899,5.979,0.082,0.2207602836879433
Personal history of allergy to sulfonamides,0.405,0.146,1.121,0.082,0.2207602836879433
"Diabetes with ketoacidosis, type I (juvenile type), not stated as uncontrolled",0.404,0.145,1.122,0.082,0.2207602836879433
Pulmonary valve disorders,0.204,0.034,1.225,0.082,0.2207602836879433
Unemployment,1.987,0.914,4.321,0.083,0.22266289752650179
Percutaneous transluminal coronary angioplasty status,0.917,0.831,1.012,0.083,0.22266289752650179
"Lack of normal physiological development, unspecified",0.345,0.104,1.15,0.083,0.22266289752650179
"Open wound of nose, unspecified site, without mention of complication",0.333,0.096,1.152,0.083,0.22266289752650179
Poisoning by other and unspecified anticonvulsants,0.195,0.031,1.239,0.083,0.22266289752650179
Chronic total occlusion of coronary artery,0.758,0.554,1.038,0.084,0.2248688293370945
Superficial injury of cornea,0.359,0.113,1.145,0.084,0.2248688293370945
Accident due to excessive cold due to weather conditions,0.202,0.033,1.242,0.084,0.2248688293370945
Acute coronary occlusion without myocardial infarction,2.658,0.875,8.073,0.085,0.2269057665260197
Other signs and symptoms involving cognition,2.334,0.888,6.129,0.085,0.2269057665260197
Panic disorder without agoraphobia,1.425,0.952,2.133,0.085,0.2269057665260197
Benign neoplasm of heart,0.243,0.049,1.214,0.085,0.2269057665260197
Closed fracture of one rib,0.65,0.397,1.062,0.086,0.2289312762973352
Polyneuropathy in other diseases classified elsewhere,0.263,0.057,1.209,0.086,0.2289312762973352
Tracheoesophageal fistula,0.251,0.052,1.215,0.086,0.2289312762973352
Other specified types of cystitis,0.205,0.034,1.25,0.086,0.2289312762973352
Motor vehicle traffic accident of unspecified nature injuring driver of motor vehicle other than motorcycle,2.187,0.892,5.361,0.087,0.23126890756302518
Alpha-1-antitrypsin deficiency,0.274,0.062,1.205,0.087,0.23126890756302518
Nontraumatic compartment syndrome of abdomen,3.15,0.843,11.768,0.088,0.2336
Unspecified non-arthropod-borne viral diseases of central nervous system,2.935,0.853,10.102,0.088,0.2336
Other selective immunoglobulin deficiencies,2.241,0.885,5.674,0.089,0.23592458100558658
Ulcer of other part of lower limb,1.379,0.953,1.998,0.089,0.23592458100558658
Mitral stenosis,1.773,0.914,3.44,0.09,0.2379108635097493
Antineoplastic and immunosuppressive drugs causing adverse effects in therapeutic use,0.836,0.68,1.028,0.09,0.2379108635097493
"Unspecified osteomyelitis, site unspecified",0.413,0.149,1.148,0.09,0.2379108635097493
Other specified disease of white blood cells,0.202,0.032,1.285,0.09,0.2379108635097493
Secondary and unspecified malignant neoplasm of lymph nodes of inguinal region and lower limb,0.463,0.189,1.13,0.091,0.24005281445448226
Other specified pruritic conditions,0.461,0.188,1.132,0.091,0.24005281445448226
Phantom limb (syndrome),0.245,0.048,1.25,0.091,0.24005281445448226
Supraventricular premature beats,0.399,0.137,1.163,0.092,0.24235392088827204
Contusion of buttock,0.385,0.127,1.167,0.092,0.24235392088827204
Nonspecific abnormal results of function study of thyroid,0.242,0.046,1.266,0.093,0.24481830790568657
"Lymphosarcoma, unspecified site, extranodal and solid organ sites",2.797,0.84,9.313,0.094,0.24676625172890734
Acquired spondylolisthesis,1.543,0.928,2.565,0.094,0.24676625172890734
Personal history of other malignant neoplasm of skin,0.877,0.752,1.023,0.094,0.24676625172890734
Other disorders of lipoid metabolism,0.298,0.073,1.227,0.094,0.24676625172890734
Cardiomyopathy in other diseases classified elsewhere,1.637,0.919,2.917,0.095,0.24887508626639063
Coronary atherosclerosis of autologous vein bypass graft,1.323,0.952,1.837,0.095,0.24887508626639063
"Fracture of lateral malleolus, closed",0.27,0.058,1.257,0.095,0.24887508626639063
Other decreased white blood cell count,4.472,0.765,26.156,0.096,0.25097520661157025
Closed supracondylar fracture of femur,1.976,0.886,4.411,0.096,0.25097520661157025
"Late effects of cerebrovascular disease, speech and language deficit, unspecified",0.313,0.08,1.23,0.096,0.25097520661157025
Myoclonus,1.593,0.917,2.767,0.098,0.25567560137457046
Personal history of other specified diseases,0.442,0.168,1.161,0.098,0.25567560137457046
Hypertrophy of breast,0.344,0.097,1.219,0.098,0.25567560137457046
Personal history of unspecified digestive disease,1.958,0.88,4.354,0.099,0.2568721804511278
Presence of cerebrospinal fluid drainage device,1.371,0.942,1.996,0.099,0.2568721804511278
Blood in stool,1.195,0.967,1.476,0.099,0.2568721804511278
"Bimalleolar fracture, closed",0.53,0.249,1.126,0.099,0.2568721804511278
Family history of leukemia,0.481,0.202,1.148,0.099,0.2568721804511278
Acute idiopathic pericarditis,0.291,0.067,1.261,0.099,0.2568721804511278
"Right heart failure, unspecified",0.226,0.038,1.323,0.099,0.2568721804511278
Cracked tooth,0.203,0.031,1.349,0.099,0.2568721804511278
Congenital factor XI deficiency,2.729,0.821,9.076,0.101,0.2617037542662116
Late effect of spinal cord injury,0.468,0.189,1.16,0.101,0.2617037542662116
"Pressure ulcer, upper back",2.059,0.866,4.897,0.102,0.26321685927940175
"Diabetes with other specified manifestations, type I (juvenile type), not stated as uncontrolled",1.475,0.926,2.349,0.102,0.26321685927940175
Hematuria,0.547,0.265,1.128,0.102,0.26321685927940175
Spondylolisthesis,0.296,0.069,1.272,0.102,0.26321685927940175
Unspecified renovascular hypertension,0.294,0.068,1.277,0.102,0.26321685927940175
Tubal ligation status,0.281,0.061,1.286,0.102,0.26321685927940175
Anal fissure,1.697,0.898,3.205,0.103,0.26543652410047525
Chronic venous embolism and thrombosis of deep veins of upper extremity,0.257,0.05,1.315,0.103,0.26543652410047525
Hip joint replacement,1.124,0.976,1.294,0.104,0.26746883468834687
Atherosclerosis of native arteries of the extremities with rest pain,0.61,0.337,1.107,0.104,0.26746883468834687
Psoas muscle abscess,0.457,0.178,1.175,0.104,0.26746883468834687
"Postoperative shock, septic",2.682,0.814,8.841,0.105,0.26967523680649524
Personal history of benign neoplasm of the brain,0.391,0.126,1.215,0.105,0.26967523680649524
"Nodular lymphoma, lymph nodes of multiple sites",2.349,0.835,6.609,0.106,0.271692099932478
Secondary hyperparathyroidism (of renal origin),0.758,0.542,1.061,0.106,0.271692099932478
Unspecified adjustment reaction,0.512,0.227,1.153,0.106,0.271692099932478
Other activity,0.382,0.118,1.233,0.107,0.27388536749831427
Borderline personality disorder,0.368,0.109,1.24,0.107,0.27388536749831427
Personal history of pulmonary embolism,0.874,0.741,1.03,0.108,0.2755161290322581
Dysthymic disorder,0.856,0.709,1.035,0.108,0.2755161290322581
Myocardial infarction type 2,0.78,0.577,1.056,0.108,0.2755161290322581
Varices of other sites,0.7,0.454,1.081,0.108,0.2755161290322581
Secondary malignant neoplasm of mediastinum,0.646,0.38,1.101,0.108,0.2755161290322581
"Infertility, female, of unspecified origin",2.634,0.806,8.612,0.109,0.27713596784996647
"Alcoholic gastritis, without mention of hemorrhage",0.288,0.063,1.322,0.109,0.27713596784996647
Unspecified diseases of blood and blood-forming organs,0.28,0.059,1.326,0.109,0.27713596784996647
Functional quadriplegia,0.266,0.052,1.347,0.109,0.27713596784996647
Other specified disorders of thyroid,0.261,0.05,1.351,0.109,0.27713596784996647
Postprocedural hematoma of a musculoskeletal structure following a musculoskeletal system procedure,3.542,0.751,16.709,0.11,0.2787449933244326
Other septicemia due to gram-negative organisms,0.747,0.522,1.068,0.11,0.2787449933244326
Noncompliance with renal dialysis,0.407,0.136,1.224,0.11,0.2787449933244326
Other specified diffuse diseases of connective tissue,0.342,0.092,1.277,0.11,0.2787449933244326
Unspecified disorder of male genital organs,0.308,0.073,1.307,0.11,0.2787449933244326
"Malignant neoplasm of pancreas, part unspecified",1.31,0.94,1.826,0.111,0.28071685542971353
Chronic ulcer of other specified sites,0.655,0.389,1.102,0.111,0.28071685542971353
Spontaneous ecchymoses,0.396,0.127,1.237,0.111,0.28071685542971353
"Open wound of jaw, without mention of complication",2.216,0.831,5.906,0.112,0.282493023255814
Other protein-calorie malnutrition,0.808,0.621,1.051,0.112,0.282493023255814
Autoimmune hemolytic anemias,0.584,0.301,1.134,0.112,0.282493023255814
Congenital factor VIII disorder,0.296,0.066,1.328,0.112,0.282493023255814
Gender identity disorder in adolescents or adults,3.182,0.762,13.297,0.113,0.28407152317880796
Other osteoporosis,1.875,0.863,4.075,0.113,0.28407152317880796
Flail chest,0.366,0.106,1.267,0.113,0.28407152317880796
"Effects of radiation, unspecified",0.315,0.076,1.314,0.113,0.28407152317880796
Retinal hemorrhage,0.295,0.065,1.336,0.113,0.28407152317880796
Other cystostomy,0.292,0.063,1.345,0.114,0.2863957643944408
"Personal history of malignant neoplasm of rectum, rectosigmoid junction, and anus",0.75,0.525,1.073,0.115,0.2885261070720423
"Diabetes with peripheral circulatory disorders, type I (juvenile type), not stated as uncontrolled",0.458,0.173,1.21,0.115,0.2885261070720423
Other paraproteinemias,1.993,0.843,4.712,0.116,0.28988545095457535
"Vascular dementia, uncomplicated",1.289,0.939,1.769,0.116,0.28988545095457535
Closed fracture of patella,0.391,0.121,1.262,0.116,0.28988545095457535
Postoperative air leak,0.359,0.1,1.286,0.116,0.28988545095457535
Late effects of unspecified accident,0.315,0.075,1.328,0.116,0.28988545095457535
Disseminated malignant neoplasm without specification of site,0.178,0.021,1.532,0.116,0.28988545095457535
"Family history of malignant neoplasm of trachea, bronchus, and lung",1.281,0.939,1.747,0.117,0.2912340983606557
Secondary and unspecified malignant neoplasm of intrapelvic lymph nodes,0.569,0.281,1.152,0.117,0.2912340983606557
Right bundle branch block and left anterior fascicular block,0.46,0.174,1.213,0.117,0.2912340983606557
Glossitis,0.309,0.071,1.344,0.117,0.2912340983606557
Thoracic spondylosis without myelopathy,0.279,0.056,1.378,0.117,0.2912340983606557
"Other anomalies of larynx, trachea, and bronchus",0.251,0.044,1.413,0.117,0.2912340983606557
Central retinal vein occlusion,2.827,0.765,10.45,0.119,0.2952444444444444
Other isolated or specific phobias,1.76,0.865,3.579,0.119,0.2952444444444444
Bloodstream infection due to central venous catheter,1.423,0.913,2.215,0.119,0.2952444444444444
Personal history of malignant neoplasm of bone,0.367,0.104,1.294,0.119,0.2952444444444444
Parasympatholytics (anticholinergics and antimuscarinics) and spasmolytics causing adverse effects in therapeutic use,0.293,0.063,1.372,0.119,0.2952444444444444
Chronic congestive splenomegaly,0.315,0.073,1.35,0.12,0.29733681462140993
Pathologic fracture of other specified part of femur,0.314,0.073,1.351,0.12,0.29733681462140993
Renal dialysis status,0.619,0.338,1.134,0.121,0.29942372881355933
"Appendicitis, unqualified",0.325,0.079,1.345,0.121,0.29942372881355933
"Other and unspecified intracranial hemorrhage following injury without mention of open intracranial wound, with no loss of consciousness",1.559,0.888,2.736,0.122,0.3011131339401821
Mononeuritis of unspecified site,0.717,0.471,1.093,0.122,0.3011131339401821
Gastroenteritis and colitis due to radiation,0.353,0.095,1.319,0.122,0.3011131339401821
Vitreous hemorrhage,0.258,0.046,1.439,0.122,0.3011131339401821
Accidental poisoning by other opiates and related narcotics,3.261,0.726,14.644,0.123,0.3029902660609994
"Opioid abuse, continuous",0.414,0.135,1.268,0.123,0.3029902660609994
"Other, mixed, or unspecified drug abuse, in remission",0.31,0.07,1.372,0.123,0.3029902660609994
Paralysis agitans,0.854,0.698,1.044,0.124,0.304860103626943
Acute appendicitis with peritoneal abscess,0.519,0.225,1.198,0.124,0.304860103626943
Personal history of other injury,0.462,0.173,1.235,0.124,0.304860103626943
Choleperitonitis,3.384,0.712,16.083,0.125,0.3059316569954868
Other ill-defined cerebrovascular disease,1.547,0.885,2.701,0.125,0.3059316569954868
"Other and unspecified alcohol dependence, unspecified",1.206,0.95,1.531,0.125,0.3059316569954868
Cornea replaced by transplant,0.336,0.083,1.354,0.125,0.3059316569954868
"Other named variants of lymphosarcoma and reticulosarcoma, unspecified site, extranodal and solid organ sites",0.297,0.063,1.399,0.125,0.3059316569954868
Marfan syndrome,0.275,0.053,1.431,0.125,0.3059316569954868
Other specified conduction disorders,0.23,0.035,1.504,0.125,0.3059316569954868
"Calculus of gallbladder and bile duct with other cholecystitis, with obstruction",2.213,0.801,6.118,0.126,0.3079819703799099
"Late effects of cerebrovascular disease, other paralytic syndrome, bilateral",0.279,0.054,1.435,0.126,0.3079819703799099
"Burkitt's tumor or lymphoma, lymph nodes of multiple sites",4.152,0.668,25.809,0.127,0.3100270096463023
Sprain of neck,0.428,0.144,1.274,0.127,0.3100270096463023
"Glaucoma stage, unspecified",0.543,0.248,1.191,0.128,0.31206679511881824
"Background retinopathy, unspecified",0.325,0.076,1.381,0.128,0.31206679511881824
Renal agenesis and dysgenesis,0.552,0.257,1.189,0.129,0.31410134701731884
"Open wound of elbow, without mention of complication",0.393,0.117,1.312,0.129,0.31410134701731884
Malignant neoplasm of other specified sites of stomach,1.885,0.83,4.281,0.13,0.31613068545803974
Personal history of malignant neoplasm of renal pelvis,0.277,0.052,1.459,0.13,0.31613068545803974
Antineoplastic antibiotics causing adverse effects in therapeutic use,0.283,0.055,1.46,0.131,0.3183585147247119
"Mechanical complication of other vascular device, implant, and graft",1.439,0.896,2.311,0.132,0.31996934865900384
"Diabetes with ophthalmic manifestations, type II or unspecified type, uncontrolled",0.573,0.278,1.182,0.132,0.31996934865900384
Encounter for therapeutic drug monitoring,0.551,0.254,1.196,0.132,0.31996934865900384
"Diabetes with hyperosmolarity, type II or unspecified type, not stated as uncontrolled",0.46,0.167,1.263,0.132,0.31996934865900384
Poisoning by other antihypertensive agents,3.469,0.685,17.571,0.133,0.3219821428571429
Aspergillosis,1.618,0.863,3.034,0.133,0.3219821428571429
Candidal esophagitis,0.697,0.435,1.118,0.134,0.32357760814249364
"Malignant neoplasm of corpus uteri, except isthmus",0.658,0.38,1.138,0.134,0.32357760814249364
Elevated prostate specific antigen (PSA),0.493,0.196,1.243,0.134,0.32357760814249364
"Pain in joint, upper arm",0.336,0.081,1.4,0.134,0.32357760814249364
Embolism and thrombosis of iliac artery,1.7,0.848,3.406,0.135,0.3253714285714286
Closed fracture of other facial bones,1.491,0.882,2.52,0.135,0.3253714285714286
Unspecified visual disturbance,0.426,0.139,1.303,0.135,0.3253714285714286
"Amputation of limb(s) causing abnormal patient reaction, or later complication, without mention of misadventure at time of operation",0.484,0.187,1.256,0.136,0.32695123495883477
Rheumatic mitral insufficiency,0.38,0.107,1.357,0.136,0.32695123495883477
Genetic susceptibility to malignant neoplasm of breast,0.324,0.074,1.424,0.136,0.32695123495883477
Inflammatory conditions of jaw,0.301,0.062,1.456,0.136,0.32695123495883477
Swelling of limb,0.754,0.519,1.094,0.137,0.3279016393442623
Other symptoms involving head and neck,0.533,0.233,1.222,0.137,0.3279016393442623
Attention to other artificial opening of digestive tract,0.519,0.219,1.233,0.137,0.3279016393442623
Malignant neoplasm of upper-outer quadrant of female breast,0.37,0.1,1.371,0.137,0.3279016393442623
Poisoning by benzodiazepine-based tranquilizers,0.35,0.088,1.395,0.137,0.3279016393442623
Neoplasm of uncertain behavior of brain and spinal cord,0.292,0.058,1.477,0.137,0.3279016393442623
Acute glomerulonephritis with unspecified pathological lesion in kidney,0.259,0.044,1.537,0.137,0.3279016393442623
Cerebral thrombosis with cerebral infarction,1.643,0.853,3.167,0.138,0.3296714915040907
"Cholecystitis, unspecified",0.529,0.228,1.228,0.138,0.3296714915040907
Lipoma of other skin and subcutaneous tissue,0.246,0.038,1.572,0.138,0.3296714915040907
Occlusion and stenosis of basilar artery with cerebral infarction,2.528,0.739,8.65,0.139,0.3314346733668342
Family history of other condition,0.297,0.059,1.482,0.139,0.3314346733668342
Other conjunctivitis,0.293,0.058,1.489,0.139,0.3314346733668342
Hepatomegaly,2.366,0.752,7.443,0.141,0.33515090795241076
Closed fracture of fifth cervical vertebra,1.746,0.832,3.667,0.141,0.33515090795241076
"Spondylosis of unspecified site, without mention of myelopathy",1.375,0.9,2.1,0.141,0.33515090795241076
Malignant neoplasm of other specified sites of large intestine,0.303,0.061,1.489,0.141,0.33515090795241076
"Cystocele, midline",0.269,0.047,1.542,0.141,0.33515090795241076
"Other specified gastritis, without mention of hemorrhage",0.574,0.273,1.205,0.142,0.336895
Unspecified analgesic and antipyretic causing adverse effects in therapeutic use,0.548,0.245,1.224,0.142,0.336895
Vitiligo,0.252,0.04,1.585,0.142,0.336895
"Pyogenic arthritis, shoulder region",1.889,0.805,4.435,0.144,0.34036363636363637
"Extrinsic asthma, unspecified",1.56,0.859,2.835,0.144,0.34036363636363637
"Hypertensive chronic kidney disease, malignant, with chronic kidney disease stage I through stage IV, or unspecified",0.861,0.705,1.052,0.144,0.34036363636363637
"Digestive-genital tract fistula, female",0.418,0.13,1.345,0.144,0.34036363636363637
Cauda equina syndrome with neurogenic bladder,0.297,0.058,1.515,0.144,0.34036363636363637
Anomalous atrioventricular excitation,0.289,0.055,1.528,0.144,0.34036363636363637
Traumatic compartment syndrome of lower extremity,0.367,0.095,1.413,0.145,0.3423009950248756
"Pelvic peritoneal adhesions, female (postoperative) (postinfection)",0.33,0.074,1.464,0.145,0.3423009950248756
Acute venous embolism and thrombosis of internal jugular veins,1.498,0.869,2.582,0.146,0.3442335403726708
"Myalgia and myositis, unspecified",0.839,0.662,1.063,0.146,0.3442335403726708
Asymptomatic human immunodeficiency virus (HIV) infection status,1.19,0.94,1.506,0.147,0.34551826625386994
"Activities involving walking, marching and hiking",0.35,0.085,1.448,0.147,0.34551826625386994
"Unspecified schizophrenia, chronic",0.284,0.052,1.559,0.147,0.34551826625386994
"Aseptic necrosis of bone, site unspecified",0.27,0.046,1.586,0.147,0.34551826625386994
Foreign body in intestine and colon,0.267,0.045,1.592,0.147,0.34551826625386994
Pneumonia due to Pseudomonas,1.386,0.891,2.157,0.148,0.3472237330037083
Cholangitis,0.847,0.676,1.061,0.148,0.3472237330037083
Other amputation stump complication,0.488,0.185,1.29,0.148,0.3472237330037083
Compression of vein,0.735,0.484,1.116,0.149,0.3493539221741816
Phlebitis and thrombophlebitis of superficial vessels of lower extremities,0.29,0.054,1.565,0.15,0.3510480887792848
"Malignant neoplasm of anus, unspecified site",0.261,0.042,1.624,0.15,0.3510480887792848
Bladder replaced by other means,0.229,0.031,1.702,0.15,0.3510480887792848
"Malignant melanoma of skin of trunk, except scrotum",0.328,0.072,1.5,0.151,0.35295320197044333
Aneurysm of other visceral artery,0.302,0.059,1.547,0.151,0.35295320197044333
Poisoning by other specified central nervous system stimulants,4.457,0.574,34.622,0.153,0.35609319435928877
Conversion disorder,1.975,0.776,5.025,0.153,0.35609319435928877
Dementia in conditions classified elsewhere with behavioral disturbance,0.704,0.435,1.139,0.153,0.35609319435928877
Contusion of thigh,0.583,0.279,1.221,0.153,0.35609319435928877
"Closed fracture of base of skull without mention of intra cranial injury, with no loss of consciousness",0.545,0.237,1.253,0.153,0.35609319435928877
"Injury to spleen without mention of open wound into cavity, laceration extending into parenchyma",0.338,0.076,1.496,0.153,0.35609319435928877
Assault by cutting and piercing instrument,0.325,0.07,1.52,0.153,0.35609319435928877
Personal history of malignant neoplasm of ovary,0.731,0.475,1.125,0.154,0.35754373088685015
Alcoholic polyneuropathy,0.461,0.159,1.337,0.154,0.35754373088685015
Unspecified inflammatory spondylopathy,0.296,0.055,1.58,0.154,0.35754373088685015
Cerebral embolism without mention of cerebral infarction,0.272,0.045,1.631,0.154,0.35754373088685015
"Acute myocardial infarction of other inferior wall, subsequent episode of care",2.744,0.683,11.022,0.155,0.35920634920634925
Other bone involvement in diseases classified elsewhere,0.672,0.388,1.162,0.155,0.35920634920634925
"Abrasion or friction burn of trunk, without mention of infection",0.257,0.039,1.672,0.155,0.35920634920634925
Other pancytopenia,0.86,0.699,1.059,0.156,0.3606431181485993
Other testicular hypofunction,0.559,0.25,1.248,0.156,0.3606431181485993
Uterine prolapse without mention of vaginal wall prolapse,0.345,0.079,1.5,0.156,0.3606431181485993
Other specified cystic kidney disease,0.324,0.068,1.539,0.156,0.3606431181485993
"Other malignant neoplasm of skin of lower limb, including hip",2.318,0.724,7.427,0.157,0.36207290400972053
Gastrointestinal vessel anomaly,1.819,0.795,4.166,0.157,0.36207290400972053
Critical illness myopathy,0.464,0.16,1.344,0.157,0.36207290400972053
Polyuria,0.331,0.072,1.527,0.157,0.36207290400972053
"Other and unspecified disc disorder, unspecified region",0.314,0.063,1.571,0.158,0.36371619163129165
Closed fracture of unspecified part of humerus,0.288,0.051,1.622,0.158,0.36371619163129165
"Cocaine dependence, continuous",0.286,0.05,1.627,0.158,0.36371619163129165
"Cocaine dependence, in remission",0.265,0.042,1.683,0.159,0.36579636363636364
Intestinal disaccharidase deficiencies and disaccharide malabsorption,0.578,0.269,1.242,0.16,0.3672067714631197
Other specified personal history presenting hazards to health,0.477,0.17,1.34,0.16,0.3672067714631197
Striking against or struck accidentally by other stationary object with subsequent fall,0.364,0.089,1.491,0.16,0.3672067714631197
"Otalgia, unspecified",0.316,0.064,1.576,0.16,0.3672067714631197
Adhesive capsulitis of shoulder,0.355,0.084,1.513,0.162,0.37134782608695655
"Infection and inflammatory reaction due to other genitourinary device, implant, and graft",0.345,0.078,1.531,0.162,0.37134782608695655
Other complications due to internal joint prosthesis,2.099,0.741,5.95,0.163,0.373189384800965
Unspecified viral meningitis,0.518,0.205,1.307,0.163,0.373189384800965
"Malignant neoplasm of lower lobe, bronchus or lung",1.252,0.912,1.718,0.164,0.37434996993385455
"Esophagitis, unspecified",0.77,0.533,1.113,0.164,0.37434996993385455
Contusion of lung without mention of open wound into thorax,0.674,0.387,1.174,0.164,0.37434996993385455
"Major depressive affective disorder, recurrent episode, unspecified",0.629,0.327,1.208,0.164,0.37434996993385455
"Schizophrenic disorders, residual type, chronic",0.49,0.179,1.339,0.164,0.37434996993385455
"Other specified disorders of uterus, not elsewhere classified",2.777,0.657,11.73,0.165,0.3750538922155689
"Polycythemia, secondary",1.627,0.818,3.235,0.165,0.3750538922155689
Other diseases of spleen,1.34,0.886,2.026,0.165,0.3750538922155689
"Peripheral vascular complications, not elsewhere classified",0.69,0.409,1.165,0.165,0.3750538922155689
"Late effects of cerebrovascular disease, disturbances of vision",0.521,0.208,1.308,0.165,0.3750538922155689
Concussion with loss of consciousness of unspecified duration,0.35,0.079,1.541,0.165,0.3750538922155689
"Malignant neoplasm of other sites of rectum, rectosigmoid junction, and anus",0.303,0.056,1.637,0.165,0.3750538922155689
"Hypersensitivity angiitis, unspecified",3.194,0.617,16.54,0.166,0.3768755980861244
Herpes simplex with unspecified complication,1.885,0.768,4.626,0.166,0.3768755980861244
Closed fracture of surgical neck of humerus,0.606,0.299,1.232,0.167,0.3786929510155317
Chronic fatigue syndrome,0.326,0.066,1.599,0.167,0.3786929510155317
"Secondary diabetes mellitus with other specified manifestations, not stated as uncontrolled, or unspecified",2.014,0.744,5.451,0.168,0.3807331343283582
Cardiac pacemaker in situ,1.085,0.966,1.219,0.169,0.3827708830548926
Other symptoms involving skin and integumentary tissues,0.298,0.053,1.682,0.17,0.38480620155038764
"Other late effects of cerebrovascular disease, dysphagia",0.707,0.431,1.161,0.171,0.38637857142857146
Iatrogenic pituitary disorders,0.292,0.05,1.699,0.171,0.38637857142857146
Ingrowing nail,0.221,0.025,1.92,0.171,0.38637857142857146
Severe intellectual disabilities,2.231,0.706,7.047,0.172,0.3877149643705463
"Malignant neoplasm of cerebrum, except lobes and ventricles",2.194,0.711,6.774,0.172,0.3877149643705463
Unspecified disease of spinal cord,0.627,0.321,1.226,0.172,0.3877149643705463
"Endocarditis, valve unspecified, unspecified cause",0.494,0.179,1.361,0.172,0.3877149643705463
Secondary parkinsonism,0.384,0.097,1.523,0.173,0.3895065243179122
"Acute myocardial infarction of other anterior wall, subsequent episode of care",0.224,0.026,1.923,0.173,0.3895065243179122
"Motor vehicle traffic accident due to loss of control, without collision on the highway, injuring driver of motor vehicle other than motorcycle",0.598,0.285,1.256,0.175,0.3937759336099585
Post traumatic seizures,2.593,0.653,10.298,0.176,0.39555713439905266
Post-transplant lymphoproliferative disorder (PTLD),0.385,0.097,1.533,0.176,0.39555713439905266
Carcinoid syndrome,3.286,0.584,18.496,0.177,0.3970992907801418
Other encephalopathy,0.804,0.586,1.104,0.177,0.3970992907801418
Nephrotic syndrome with other specified pathological lesion in kidney,0.356,0.079,1.598,0.177,0.3970992907801418
"Other and unspecified special symptoms or syndromes, not elsewhere classified",0.811,0.597,1.1,0.178,0.39863598820059
Drug induced neutropenia,0.79,0.56,1.114,0.178,0.39863598820059
Malignant neoplasm of descending colon,0.316,0.059,1.692,0.178,0.39863598820059
Other specified paralytic syndrome,0.463,0.151,1.422,0.179,0.39993172454384934
Unspecified adverse effect of insulin,0.363,0.083,1.593,0.179,0.39993172454384934
Vestibular neuronitis,0.36,0.081,1.599,0.179,0.39993172454384934
Polydipsia,0.299,0.051,1.739,0.179,0.39993172454384934
Acquired hypertrophic pyloric stenosis,1.426,0.849,2.396,0.18,0.4014571092831962
"Closed fracture of lower end of femur, unspecified part",0.478,0.162,1.406,0.18,0.4014571092831962
Throat pain,0.28,0.044,1.802,0.18,0.4014571092831962
Degeneration of lumbar or lumbosacral intervertebral disc,1.325,0.877,2.0,0.181,0.40250497949619213
Tracheostomy status,1.255,0.899,1.751,0.181,0.40250497949619213
NIHSS score 1,0.382,0.094,1.561,0.181,0.40250497949619213
Late effect of fracture of spine and trunk without mention of spinal cord lesion,0.368,0.085,1.591,0.181,0.40250497949619213
Other bilateral bundle branch block,0.27,0.04,1.84,0.181,0.40250497949619213
Benign neoplasm of stomach,0.692,0.403,1.188,0.182,0.40425511995318897
Need for desensitization to allergens,0.379,0.091,1.575,0.182,0.40425511995318897
Malignant neoplasm of base of tongue,2.392,0.663,8.637,0.183,0.40552714535901924
"Chronic osteomyelitis, other specified sites",0.598,0.281,1.274,0.183,0.40552714535901924
Other infusion reaction,0.381,0.092,1.575,0.183,0.40552714535901924
Hepatic infarction,0.337,0.068,1.671,0.183,0.40552714535901924
"Body Mass Index 60.0-69.9, adult",1.733,0.769,3.906,0.184,0.4065564610011641
Chronic venous embolism and thrombosis of deep vessels of proximal lower extremity,0.604,0.287,1.272,0.184,0.4065564610011641
Irradiation cystitis,0.408,0.109,1.531,0.184,0.4065564610011641
Carrier or suspected carrier of Methicillin susceptible Staphylococcus aureus,0.321,0.06,1.713,0.184,0.4065564610011641
Other specified delays in development,0.291,0.047,1.8,0.184,0.4065564610011641
Acute venous embolism and thrombosis of deep vessels of distal lower extremity,0.791,0.56,1.119,0.185,0.4082906976744186
"Primary central nervous system lymphoma, unspecified site, extranodal and solid organ sites",0.371,0.086,1.606,0.185,0.4082906976744186
Mediastinitis,2.034,0.711,5.822,0.186,0.41002090592334495
Immune thrombocytopenic purpura,0.755,0.497,1.146,0.186,0.41002090592334495
"Alcohol abuse, episodic",0.339,0.068,1.689,0.187,0.41174709976798146
Acute tracheitis without mention of obstruction,0.223,0.024,2.069,0.187,0.41174709976798146
"Calculus of gallbladder with acute cholecystitis, with obstruction",0.319,0.058,1.746,0.188,0.4137089855072464
Accidents caused by other specified cutting and piercing instruments or objects,1.904,0.729,4.973,0.189,0.4154279096699479
Aftercare for healing traumatic fracture of vertebrae,0.519,0.195,1.383,0.189,0.4154279096699479
Accidental puncture or laceration of dura during a procedure,2.076,0.696,6.192,0.19,0.4173842592592592
Other specified cardiac device in situ,0.387,0.093,1.608,0.191,0.4193383458646617
Encounter for change or removal of surgical wound dressing,1.972,0.711,5.474,0.192,0.4210467937608319
Aftercare for healing traumatic fracture of lower arm,0.405,0.104,1.573,0.192,0.4210467937608319
Herpes simplex with other specified complications,2.551,0.623,10.441,0.193,0.4210505747126437
Other specified disorders of adrenal glands,1.712,0.762,3.848,0.193,0.4210505747126437
"Secondary cardiomyopathy, unspecified",1.512,0.811,2.82,0.193,0.4210505747126437
Acquired absence of breast and nipple,0.822,0.612,1.104,0.193,0.4210505747126437
"Closed fracture of clavicle, unspecified part",0.671,0.367,1.224,0.193,0.4210505747126437
Great toe amputation status,0.631,0.316,1.262,0.193,0.4210505747126437
"Diabetes with other specified manifestations, type I (juvenile type), uncontrolled",0.516,0.191,1.397,0.193,0.4210505747126437
Chronic glomerulonephritis with lesion of membranous glomerulonephritis,0.388,0.094,1.614,0.193,0.4210505747126437
Malignant neoplasm of hepatic flexure,0.364,0.08,1.667,0.193,0.4210505747126437
Unspecified retinal detachment,2.431,0.636,9.294,0.194,0.42226146788990826
Pneumocystosis,1.615,0.784,3.327,0.194,0.42226146788990826
"Major depressive affective disorder, single episode, severe, without mention of psychotic behavior",0.32,0.057,1.79,0.194,0.42226146788990826
"Urticaria, unspecified",0.299,0.048,1.849,0.194,0.42226146788990826
Hypertrophic obstructive cardiomyopathy,1.555,0.798,3.033,0.195,0.4237092157985118
"Other mechanical complication of cardiac device, implant, and graft",0.566,0.24,1.337,0.195,0.4237092157985118
Postnasal drip,0.371,0.083,1.66,0.195,0.4237092157985118
Personal history of malignant neoplasm of liver,1.288,0.878,1.89,0.196,0.42490919474585953
"Hypertensive heart and chronic kidney disease, malignant, with heart failure and with chronic kidney disease stage I through stage IV, or unspecified",0.864,0.691,1.079,0.196,0.42490919474585953
"Concussion, with loss of consciousness of 30 minutes or less",0.372,0.083,1.669,0.196,0.42490919474585953
Unspecified nonpsychotic mental disorder,0.299,0.048,1.867,0.196,0.42490919474585953
Other acute pain,1.351,0.855,2.134,0.197,0.42658984597832295
Glycogenosis,0.355,0.074,1.712,0.197,0.42658984597832295
"Staphylococcus infection in conditions classified elsewhere and of unspecified site, other staphylococcus",1.221,0.901,1.655,0.198,0.4280227790432802
Other agents affecting blood constituents causing adverse effects in therapeutic use,0.535,0.207,1.387,0.198,0.4280227790432802
Acute infective polyneuritis,0.52,0.192,1.407,0.198,0.4280227790432802
Mucositis (ulcerative) due to antineoplastic therapy,1.406,0.836,2.363,0.199,0.42993966989186116
"Aortic ectasia, unspecified site",2.093,0.676,6.477,0.2,0.43087400681044274
"Body Mass Index 25.0-25.9, adult",1.325,0.862,2.037,0.2,0.43087400681044274
Disorders of magnesium metabolism,0.861,0.684,1.083,0.2,0.43087400681044274
Umbilical hernia without mention of obstruction or gangrene,0.752,0.486,1.163,0.2,0.43087400681044274
Accidental poisoning by agents primarily affecting cardiovascular system,0.318,0.055,1.836,0.2,0.43087400681044274
Assault by other and unspecified firearm,2.02,0.688,5.928,0.201,0.4315588235294118
Other specified forms of hearing loss,1.921,0.706,5.228,0.201,0.4315588235294118
Stricture of artery,1.385,0.84,2.281,0.201,0.4315588235294118
"Calculus of bile duct without mention of cholecystitis, with obstruction",1.253,0.887,1.771,0.201,0.4315588235294118
"Open wound of finger(s), without mention of complication",0.386,0.09,1.659,0.201,0.4315588235294118
Huntington's chorea,0.286,0.042,1.946,0.201,0.4315588235294118
Malnutrition of moderate degree,0.823,0.61,1.11,0.202,0.4332158192090396
"Threatened premature labor, antepartum condition or complication",0.396,0.095,1.646,0.202,0.4332158192090396
Other organ or tissue replaced by other means,0.336,0.063,1.799,0.203,0.43486907449209933
Febrile nonhemolytic transfusion reaction,0.301,0.047,1.911,0.203,0.43486907449209933
Other frontotemporal dementia,0.557,0.226,1.373,0.204,0.43578165447383227
Late effect of complications of surgical and medical care,0.373,0.082,1.708,0.204,0.43578165447383227
Enteritis due to other viral enteritis,0.361,0.075,1.739,0.204,0.43578165447383227
Inadequate material resources,0.342,0.065,1.791,0.204,0.43578165447383227
Poisoning by cocaine,0.279,0.039,1.998,0.204,0.43578165447383227
Malignant neoplasm of transverse colon,0.405,0.1,1.638,0.205,0.4374255199550309
Other general symptoms,0.388,0.09,1.677,0.205,0.4374255199550309
"Acute myocardial infarction of unspecified site, subsequent episode of care",0.429,0.116,1.591,0.206,0.4393123595505618
Secondary malignant neoplasm of large intestine and rectum,0.715,0.425,1.203,0.207,0.44094949494949487
Observation following other accident,0.411,0.103,1.635,0.207,0.44094949494949487
"Open wound of scalp, without mention of complication",1.211,0.899,1.631,0.208,0.4425829596412556
"Sprain of ankle, unspecified site",0.413,0.104,1.636,0.208,0.4425829596412556
Other specified viral infection,1.538,0.786,3.012,0.209,0.44396418578623387
Other heart block,0.357,0.071,1.784,0.209,0.44396418578623387
Hereditary hemorrhagic telangiectasia,0.343,0.064,1.821,0.209,0.44396418578623387
Other psychotropic agents causing adverse effects in therapeutic use,0.441,0.122,1.588,0.21,0.44558971492453886
"Other anomalies of gallbladder, bile ducts, and liver",0.393,0.091,1.693,0.21,0.44558971492453886
Malignant neoplasm of parietal lobe,1.616,0.761,3.431,0.212,0.44933109994416526
Personal history of allergy to other specified medicinal agents,1.55,0.779,3.084,0.212,0.44933109994416526
Malignant neoplasm of prostate,1.143,0.926,1.412,0.213,0.45069565217391305
Other symptoms involving digestive system,0.343,0.064,1.849,0.213,0.45069565217391305
Counseling on substance use and abuse,0.314,0.051,1.94,0.213,0.45069565217391305
Asphyxiation and strangulation,5.1,0.388,66.994,0.215,0.4541680578742348
"Closed fracture of base of skull with subarachnoid, subdural, and extradural hemorrhage, with loss of consciousness of unspecified duration",1.53,0.781,2.996,0.215,0.4541680578742348
Unspecified inflammatory disease of female pelvic organs and tissues,0.31,0.049,1.972,0.215,0.4541680578742348
"Jaundice, unspecified, not of newborn",1.238,0.883,1.735,0.216,0.45501442841287454
Acute venous embolism and thrombosis of unspecified deep vessels of lower extremity,0.737,0.454,1.195,0.216,0.45501442841287454
Personal history of malignant neoplasm of testis,0.689,0.381,1.244,0.216,0.45501442841287454
Other specified disorders of bladder,0.489,0.157,1.519,0.216,0.45501442841287454
Unspecified inflammatory polyarthropathy,0.263,0.032,2.184,0.216,0.45501442841287454
Other chronic pain,0.917,0.799,1.052,0.217,0.45585611510791363
Anomalies of pancreas,0.424,0.109,1.657,0.217,0.45585611510791363
Edema of penis,0.363,0.073,1.813,0.217,0.45585611510791363
Unspecified alcohol-induced mental disorders,0.34,0.061,1.886,0.217,0.45585611510791363
Lipoma of other specified sites,0.312,0.049,1.981,0.217,0.45585611510791363
"Inguinal hernia, without mention of obstruction or gangrene, bilateral (not specified as recurrent)",0.27,0.034,2.163,0.218,0.4577035398230088
Allergic purpura,2.819,0.541,14.695,0.219,0.4585350248207391
"Diabetes with other specified manifestations, type II or unspecified type, uncontrolled",0.735,0.45,1.201,0.219,0.4585350248207391
"Calculus of gallbladder and bile duct without cholecystitis, with obstruction",0.594,0.259,1.362,0.219,0.4585350248207391
"Debility, unspecified",0.379,0.081,1.782,0.219,0.4585350248207391
Nocturia,0.35,0.066,1.868,0.219,0.4585350248207391
Other disease of nasal cavity and sinuses,0.61,0.277,1.343,0.22,0.45961474958723175
Person awaiting admission to adequate facility elsewhere,0.374,0.078,1.801,0.22,0.45961474958723175
"Asthma, unspecified type, with status asthmaticus",0.356,0.068,1.856,0.22,0.45961474958723175
"Chondrocalcinosis, unspecified, forearm",0.317,0.05,1.99,0.22,0.45961474958723175
Acute venous embolism and thrombosis of other thoracic veins,1.889,0.682,5.232,0.221,0.4606897309170786
Stricture or kinking of ureter,1.575,0.761,3.261,0.221,0.4606897309170786
Motor vehicle traffic accident involving collision with other vehicle injuring pedal cyclist,0.359,0.07,1.854,0.221,0.4606897309170786
Malignant neoplasm of connective and other soft tissue of abdomen,0.334,0.057,1.936,0.221,0.4606897309170786
Pulmonary congestion and hypostasis,1.177,0.906,1.528,0.222,0.46201315789473685
"Profound impairment, one eye, impairment level not further specified",0.723,0.429,1.218,0.222,0.46201315789473685
"Other late effects of cerebrovascular disease, ataxia",0.328,0.055,1.966,0.222,0.46201315789473685
Below knee amputation status,0.815,0.586,1.133,0.223,0.46307877461706787
Status of other artificial opening of gastrointestinal tract,0.676,0.359,1.27,0.223,0.46307877461706787
Sixth or abducens nerve palsy,0.6,0.264,1.365,0.223,0.46307877461706787
Infectious mononucleosis,0.548,0.208,1.442,0.223,0.46307877461706787
Inhalation and ingestion of food causing obstruction of respiratory tract or suffocation,2.277,0.604,8.574,0.224,0.46388652482269505
Neoplasm of unspecified nature of brain,1.813,0.695,4.73,0.224,0.46388652482269505
Aphasia,0.881,0.718,1.081,0.224,0.46388652482269505
Closed fracture of head of radius,0.405,0.094,1.738,0.224,0.46388652482269505
"Infective otitis externa, unspecified",0.394,0.087,1.771,0.224,0.46388652482269505
Secondary malignant neoplasm of other urinary organs,1.43,0.802,2.55,0.225,0.46494284158954824
Precipitous drop in hematocrit,0.782,0.526,1.163,0.225,0.46494284158954824
Cataract extraction status,0.634,0.304,1.324,0.225,0.46494284158954824
Olecranon bursitis,0.457,0.129,1.621,0.225,0.46494284158954824
"Open wound of lip, without mention of complication",1.501,0.777,2.9,0.226,0.46624782608695653
Lump or mass in breast,0.586,0.247,1.393,0.226,0.46624782608695653
"Other and unspecified intracranial hemorrhage following injury without mention of open intracranial wound, with brief (less than one hour) loss of consciousness",0.388,0.084,1.799,0.226,0.46624782608695653
"Secondary and unspecified malignant neoplasm of lymph nodes of head, face, and neck",1.318,0.842,2.061,0.227,0.46754856212696694
Streptococcal sore throat,0.395,0.087,1.781,0.227,0.46754856212696694
"Sedative, hypnotic or anxiolytic dependence, unspecified",0.327,0.053,2.006,0.227,0.46754856212696694
Closed fracture of acetabulum,1.348,0.83,2.191,0.228,0.4688450704225352
Unspecified disorders of arteries and arterioles,0.4,0.09,1.777,0.228,0.4688450704225352
Ocular hypertension,0.318,0.049,2.048,0.228,0.4688450704225352
"Thalassemia, unspecified",0.454,0.125,1.642,0.229,0.4701373715521904
Hereditary hemochromatosis,0.434,0.111,1.69,0.229,0.4701373715521904
Malignant neoplasm of other specified sites of cervix,0.361,0.068,1.902,0.229,0.4701373715521904
Cerebral cysts,1.596,0.744,3.426,0.23,0.47193513513513513
"Ventral, unspecified, hernia with obstruction",0.412,0.097,1.756,0.231,0.4732196438208311
"Bilateral paralysis of vocal cords or larynx, partial",0.348,0.062,1.957,0.231,0.4732196438208311
Personal history of surgery to other organs,0.288,0.038,2.205,0.231,0.4732196438208311
Sprains and strains of other specified sites of shoulder and upper arm,2.232,0.597,8.339,0.233,0.47680215633423184
Fall resulting in striking against other object,0.69,0.374,1.271,0.233,0.47680215633423184
Generalized pain,1.85,0.671,5.098,0.234,0.47833279483037155
"Ventral, unspecified, hernia without mention of obstruction or gangrene",0.725,0.426,1.231,0.234,0.47833279483037155
Acute venous embolism and thrombosis of axillary veins,0.645,0.313,1.331,0.235,0.47986013986013987
Unspecified disorder of thyroid,0.571,0.227,1.439,0.235,0.47986013986013987
"Seborrheic dermatitis, unspecified",0.437,0.111,1.718,0.236,0.48164301075268817
Other lymphedema,1.265,0.856,1.869,0.238,0.48494256575415995
Visual discomfort,0.404,0.09,1.821,0.238,0.48494256575415995
"Injury to liver without mention of open wound into cavity, hematoma and contusion",0.273,0.032,2.355,0.238,0.48494256575415995
Surgical or other procedure not carried out because of contraindication,1.224,0.875,1.713,0.239,0.486457908847185
Unspecified activity,0.439,0.112,1.729,0.239,0.486457908847185
"Knee, leg, ankle, and foot injury",0.43,0.105,1.759,0.24,0.48770877944325475
Postsurgical hypoinsulinemia,0.395,0.084,1.859,0.24,0.48770877944325475
Wandering in diseases classified elsewhere,0.38,0.076,1.91,0.24,0.48770877944325475
Dissection of iliac artery,0.509,0.164,1.575,0.241,0.48947886570358484
Cellulitis and abscess of buttock,0.553,0.205,1.492,0.242,0.49072222222222217
Other myelopathy,0.39,0.08,1.89,0.242,0.49072222222222217
Impaired glucose tolerance test (oral),0.39,0.08,1.891,0.242,0.49072222222222217
Personal history of allergy to analgesic agent,0.382,0.076,1.925,0.243,0.49222411953041617
"Uterovaginal prolapse, unspecified",0.344,0.057,2.062,0.243,0.49222411953041617
Unspecified drug or medicinal substance causing adverse effects in therapeutic use,0.684,0.361,1.295,0.244,0.49267234042553193
"Other specified transient mental disorders due to conditions classified elsewhere, other",0.37,0.07,1.971,0.244,0.49267234042553193
Other acne,0.363,0.066,1.998,0.244,0.49267234042553193
Late effects of injury purposely inflicted by other person,0.341,0.056,2.081,0.244,0.49267234042553193
"Secondary diabetes mellitus without mention of complication, uncontrolled",0.336,0.054,2.105,0.244,0.49267234042553193
Anxiety disorder in conditions classified elsewhere,0.312,0.044,2.217,0.244,0.49267234042553193
Sicca syndrome,0.722,0.417,1.251,0.245,0.49416578108395326
Acoustic trauma (explosive) to ear,0.268,0.029,2.467,0.245,0.49416578108395326
Malignant neoplasm of lateral wall of urinary bladder,0.387,0.078,1.928,0.246,0.49591927774827405
Closed fracture of glenoid cavity and neck of scapula,2.189,0.581,8.244,0.247,0.49687970323264435
Personal history of antineoplastic chemotherapy,1.098,0.937,1.288,0.247,0.49687970323264435
"Other and unspecified cerebral laceration and contusion, without mention of open intracranial wound, with brief (less than one hour) loss of consciousness",0.402,0.086,1.882,0.247,0.49687970323264435
Unspecified vitamin B deficiency,0.351,0.06,2.068,0.247,0.49687970323264435
Moyamoya disease,0.358,0.062,2.048,0.248,0.49862711864406783
Family history of stroke (cerebrovascular),1.345,0.812,2.227,0.249,0.4995792811839323
Acquired partial absence of pancreas,0.419,0.096,1.84,0.249,0.4995792811839323
"Other hamartoses, not elsewhere classified",0.41,0.09,1.864,0.249,0.4995792811839323
Other disorders of the pituitary and other syndromes of diencephalohypophyseal origin,0.35,0.059,2.09,0.249,0.4995792811839323
External hemorrhoids without mention of complication,1.344,0.812,2.225,0.25,0.49973670352817273
"Calculus of gallbladder with acute cholecystitis, without mention of obstruction",1.259,0.85,1.863,0.25,0.49973670352817273
"Chronic kidney disease, unspecified",0.917,0.791,1.063,0.25,0.49973670352817273
"Unspecified surgical operations and procedures causing abnormal patient reaction, or later complication, without mention of misadventure at time of operation",0.672,0.342,1.322,0.25,0.49973670352817273
Malignant carcinoid tumor of other sites,0.392,0.08,1.931,0.25,0.49973670352817273
Malignant melanoma of skin of scalp and neck,0.281,0.032,2.446,0.25,0.49973670352817273
"Other current conditions classifiable elsewhere of mother, delivered, with or without mention of antepartum condition",0.258,0.026,2.591,0.25,0.49973670352817273
Other cerebral degeneration,3.13,0.444,22.076,0.252,0.5029400630914826
Other acquired absence of organ,0.844,0.632,1.128,0.252,0.5029400630914826
Benign neoplasm of liver and biliary passages,0.392,0.079,1.942,0.252,0.5029400630914826
"Body Mass Index 28.0-28.9, adult",1.321,0.82,2.129,0.253,0.5046705202312138
NIHSS score 2,0.411,0.089,1.894,0.254,0.5060010454783064
Person living alone,0.375,0.07,2.025,0.254,0.5060010454783064
"Open wound of face, unspecified site, without mention of complication",1.919,0.625,5.894,0.255,0.5060010454783064
Sprains and strains of other specified sites of knee and leg,1.694,0.683,4.203,0.255,0.5060010454783064
Closed fracture of olecranon process of ulna,1.578,0.72,3.46,0.255,0.5060010454783064
"Major depressive affective disorder, recurrent episode, severe, without mention of psychotic behavior",0.609,0.259,1.431,0.255,0.5060010454783064
Accidents occurring in industrial places and premises,0.569,0.215,1.503,0.255,0.5060010454783064
"Cardiac dysrhythmia, unspecified",0.517,0.166,1.611,0.255,0.5060010454783064
"Hypertensive heart and chronic kidney disease, unspecified, with heart failure and chronic kidney disease stage V or end stage renal disease",0.486,0.14,1.684,0.255,0.5060010454783064
"Blepharitis, unspecified",0.43,0.101,1.836,0.255,0.5060010454783064
Family history of psychiatric condition,0.414,0.09,1.897,0.256,0.5077199582027169
"Alcohol abuse, continuous",0.817,0.576,1.159,0.257,0.5094370757180157
Thrombotic microangiopathy,1.888,0.628,5.677,0.258,0.5100875
"Polycystic kidney, autosomal dominant",0.47,0.127,1.737,0.258,0.5100875
Secondary malignant neoplasm of breast,0.437,0.104,1.833,0.258,0.5100875
History of physical abuse,0.416,0.091,1.906,0.258,0.5100875
Other complications of other bariatric procedure,0.342,0.053,2.199,0.258,0.5100875
Other fluid overload,0.896,0.741,1.084,0.259,0.511531737773153
"Diabetes with hyperosmolarity, type II or unspecified type, uncontrolled",0.467,0.124,1.752,0.259,0.511531737773153
Cytomegaloviral disease,1.365,0.793,2.348,0.261,0.514411214953271
Pernicious anemia,0.674,0.338,1.341,0.261,0.514411214953271
"Acute, but ill-defined, cerebrovascular disease",0.364,0.062,2.121,0.261,0.514411214953271
"Closed fracture of base of skull without mention of intra cranial injury, with loss of consciousness of unspecified duration",0.357,0.059,2.153,0.261,0.514411214953271
Personal history of malignant neuroendocrine tumor,1.719,0.665,4.443,0.263,0.517278756476684
Other specified hypotension,1.287,0.827,2.001,0.263,0.517278756476684
Anemia of other chronic disease,0.917,0.787,1.068,0.263,0.517278756476684
Oral aphthae,0.43,0.098,1.887,0.263,0.517278756476684
Other closed fracture of lower end of femur,0.369,0.064,2.122,0.264,0.5189766960124288
"Chronic periodontitis, unspecified",0.515,0.16,1.655,0.265,0.5204035178479048
Influenza with other manifestations,0.351,0.056,2.212,0.265,0.5204035178479048
Biliary cirrhosis,0.722,0.408,1.281,0.266,0.5218273901808785
"Other specified pervasive developmental disorders, current or active state",0.422,0.092,1.93,0.266,0.5218273901808785
Personal history of Methicillin resistant Staphylococcus aureus,0.826,0.59,1.157,0.267,0.5229783281733746
Other diuretics causing adverse effects in therapeutic use,0.792,0.524,1.196,0.267,0.5229783281733746
Other specified intestinal malabsorption,0.404,0.082,2.001,0.267,0.5229783281733746
"Bacterial infection, unspecified, in conditions classified elsewhere and of unspecified site",0.435,0.1,1.896,0.268,0.5246663228468282
Other convulsions,0.903,0.753,1.082,0.269,0.5255398867730314
"Unspecified schizophrenia, unspecified",0.843,0.623,1.141,0.269,0.5255398867730314
Acute tonsillitis,0.421,0.091,1.951,0.269,0.5255398867730314
"Motor vehicle traffic accident due to loss of control, without collision on the highway, injuring motorcyclist",0.377,0.067,2.13,0.269,0.5255398867730314
Cellulitis and abscess of upper arm and forearm,1.198,0.869,1.65,0.271,0.5286310380267215
Fitting and adjustment of vascular catheter,0.383,0.069,2.116,0.271,0.5286310380267215
"Abrasion or friction burn of other, multiple, and unspecified sites, without mention of infection",0.376,0.066,2.143,0.271,0.5286310380267215
Phlebitis and thrombophlebitis of other sites,0.667,0.324,1.373,0.272,0.5297650076962546
"Chronic or unspecified gastrojejunal ulcer with hemorrhage, without mention of obstruction",0.406,0.081,2.028,0.272,0.5297650076962546
"Infection and inflammatory reaction due to other urinary catheter, initial encounter",0.281,0.029,2.699,0.272,0.5297650076962546
Unspecified drug-induced mental disorder,0.408,0.082,2.028,0.273,0.531167606355715
Late effect of fracture of skull and face bones,0.346,0.052,2.31,0.273,0.531167606355715
"Diabetes with ophthalmic manifestations, type I (juvenile type), not stated as uncontrolled",1.38,0.775,2.456,0.274,0.5325673323092679
"Calculus of gallbladder and bile duct with acute and chronic cholecystitis, with obstruction",0.406,0.081,2.041,0.274,0.5325673323092679
Unspecified intestinal malabsorption,0.547,0.185,1.616,0.275,0.5339641943734016
Retained cholelithiasis following cholecystectomy,0.401,0.078,2.066,0.275,0.5339641943734016
"Streptococcus infection in conditions classified elsewhere and of unspecified site, streptococcus, group D (Enterococcus)",0.898,0.74,1.09,0.276,0.5350847803881512
Jaw pain,0.417,0.087,2.008,0.276,0.5350847803881512
"Other and unspecified disc disorder, cervical region",0.369,0.061,2.217,0.276,0.5350847803881512
Other obstruction of duodenum,1.471,0.734,2.946,0.277,0.5367493619193466
Other anaphylactic reaction,0.577,0.214,1.557,0.278,0.5381376848546661
Herpetic whitlow,0.326,0.043,2.472,0.278,0.5381376848546661
Progressive multifocal leukoencephalopathy,2.076,0.553,7.788,0.279,0.5392484725050917
Insulins and antidiabetic agents causing adverse effects in therapeutic use,0.672,0.327,1.38,0.279,0.5392484725050917
Edema of pharynx or nasopharynx,0.455,0.109,1.892,0.279,0.5392484725050917
Carrier or suspected carrier of other specified infectious organism,0.431,0.094,1.986,0.28,0.5406307222787387
"Follow-up examination, following surgery, unspecified",0.404,0.078,2.092,0.28,0.5406307222787387
Closed fracture of sternum,1.407,0.756,2.621,0.281,0.5414598984771575
"Ménière's disease, unspecified",0.614,0.254,1.489,0.281,0.5414598984771575
"Paranoid state, simple",0.498,0.14,1.768,0.281,0.5414598984771575
Extrinsic asthma with (acute) exacerbation,0.401,0.076,2.11,0.281,0.5414598984771575
Ulcer of other part of foot,1.138,0.899,1.441,0.282,0.5422857142857143
"Multiple myeloma, in remission",0.43,0.092,2.003,0.282,0.5422857142857143
Unspecified disorder of the teeth and supporting structures,0.409,0.08,2.089,0.282,0.5422857142857143
"Combinations of opioid type drug with any other drug dependence, unspecified",0.31,0.037,2.612,0.282,0.5422857142857143
Pre-operative cardiovascular examination,0.455,0.108,1.921,0.284,0.5458551898734176
Thyrotoxicosis of other specified origin without mention of thyrotoxic crisis or storm,1.751,0.626,4.903,0.286,0.5488655207280081
Antiviral drugs causing adverse effects in therapeutic use,0.622,0.26,1.488,0.286,0.5488655207280081
Benign intracranial hypertension,0.541,0.175,1.673,0.286,0.5488655207280081
Closed fracture of upper end of fibula alone,0.444,0.099,1.981,0.287,0.5502282828282827
Fitting and adjustment of other cardiac device,0.405,0.077,2.133,0.287,0.5502282828282827
Other specified hypersensitivity angiitis,1.713,0.634,4.63,0.288,0.5515882946518668
Need for prophylactic vaccination and inoculation against tetanus-diphtheria (Td) (DT),0.459,0.109,1.932,0.288,0.5515882946518668
"Atrioventricular block, unspecified",1.615,0.665,3.919,0.289,0.5523887210473313
"Subarachnoid hemorrhage following injury without mention of open intracranial wound, with loss of consciousness of unspecified duration",0.731,0.41,1.305,0.289,0.5523887210473313
Closed fracture of distal phalanx or phalanges of hand,0.381,0.064,2.265,0.289,0.5523887210473313
Chronic interstitial cystitis,0.379,0.063,2.273,0.289,0.5523887210473313
"Osteoarthrosis involving, or with mention of more than one site, but not specified as generalized, multiple sites",0.561,0.192,1.637,0.29,0.5537424547283701
Personal history of infections of the central nervous system,0.49,0.131,1.837,0.29,0.5537424547283701
"Ulcer of lower limb, unspecified",1.389,0.755,2.555,0.291,0.5542579026593075
Septicemia due to escherichia coli (E. coli),0.86,0.651,1.137,0.291,0.5542579026593075
Other specified disorders of penis,0.5,0.138,1.81,0.291,0.5542579026593075
"Malignant neoplasm of connective and other soft tissue of lower limb, including hip",0.453,0.105,1.965,0.291,0.5542579026593075
Substance abuse in family,0.366,0.056,2.37,0.291,0.5542579026593075
Secondary malignant neoplasm of kidney,0.73,0.407,1.31,0.292,0.5553266533066132
"Bundle branch block, unspecified",0.4,0.072,2.205,0.292,0.5553266533066132
Benign neoplasm of cranial nerves,0.323,0.039,2.648,0.292,0.5553266533066132
Other disorders of menstruation and other abnormal bleeding from female genital tract,0.425,0.086,2.093,0.293,0.5566706706706707
"Open wound of other and multiple sites of face, without mention of complication",0.384,0.064,2.284,0.293,0.5566706706706707
NIHSS score 8,0.308,0.034,2.775,0.294,0.5582911455727864
"Chronic or unspecified gastric ulcer with perforation, without mention of obstruction",1.737,0.618,4.885,0.295,0.5596301849075462
Closed fracture of base of neck of femur,0.462,0.109,1.96,0.295,0.5596301849075462
Late effect of intracranial injury without mention of skull fracture,1.55,0.682,3.522,0.296,0.5598485301444943
"Infection with drug-resistant microorganisms, unspecified, with multiple drug resistance",1.35,0.769,2.371,0.296,0.5598485301444943
Personal history of malignant neoplasm of stomach,1.325,0.782,2.245,0.296,0.5598485301444943
Cellulitis and abscess of oral soft tissues,0.396,0.07,2.245,0.296,0.5598485301444943
Aftercare for healing traumatic fracture of upper leg,0.373,0.059,2.374,0.296,0.5598485301444943
Attention to cystostomy,0.325,0.039,2.677,0.296,0.5598485301444943
Assault by striking by blunt or thrown object,0.462,0.108,1.978,0.298,0.5630701841712294
Ehlers-Danlos syndrome,0.455,0.103,2.008,0.298,0.5630701841712294
"Ulcerative colitis, unspecified",0.851,0.627,1.154,0.3,0.5665671641791045
"Volume depletion, unspecified",0.861,0.648,1.144,0.301,0.568173048234709
"Nystagmus, unspecified",1.549,0.675,3.551,0.302,0.5692115193644488
"Calculus of gallbladder without mention of cholecystitis, without mention of obstruction",1.147,0.884,1.488,0.302,0.5692115193644488
Exercise induced bronchospasm,0.382,0.061,2.375,0.302,0.5692115193644488
"Other disorders of muscle, ligament, and fascia",0.765,0.46,1.273,0.303,0.5708129032258065
Carpal tunnel syndrome,0.662,0.302,1.453,0.304,0.5724126984126984
Acute and chronic cholecystitis,1.687,0.621,4.58,0.305,0.5734422981674095
Explosive personality disorder,0.402,0.071,2.295,0.305,0.5734422981674095
Acute respiratory distress,0.306,0.032,2.941,0.305,0.5734422981674095
Other closed fracture of upper end of humerus,1.474,0.701,3.099,0.306,0.5741848739495798
"Paranoid type schizophrenia, chronic",0.624,0.252,1.541,0.306,0.5741848739495798
Chronic prostatitis,0.433,0.088,2.147,0.306,0.5741848739495798
Adhesive pericarditis,0.323,0.037,2.813,0.306,0.5741848739495798
Fecal impaction,0.575,0.198,1.667,0.308,0.5776521739130435
Hallucinations,1.326,0.77,2.281,0.309,0.5789555774925962
Impaired fasting glucose,0.378,0.058,2.461,0.309,0.5789555774925962
Personal history of malignant neoplasm of other and unspecified oral cavity and pharynx,1.311,0.777,2.212,0.31,0.5793993106843919
Other external cause status,0.589,0.211,1.639,0.31,0.5793993106843919
Unspecified disturbance of conduct,0.432,0.086,2.185,0.31,0.5793993106843919
Hepatitis C carrier,0.413,0.075,2.275,0.31,0.5793993106843919
Other cells and casts in urine,0.395,0.066,2.377,0.31,0.5793993106843919
"Urethral stricture, unspecified",0.706,0.36,1.384,0.311,0.5806965076242007
Conjunctival edema,0.388,0.062,2.423,0.311,0.5806965076242007
Achalasia and cardiospasm,0.727,0.392,1.349,0.312,0.5822772861356932
"Closed fracture of rib(s), unspecified",0.499,0.129,1.923,0.313,0.5832832596956309
Phenothiazine-based tranquilizers causing adverse effects in therapeutic use,0.389,0.062,2.436,0.313,0.5832832596956309
"Osteomalacia, unspecified",0.375,0.056,2.526,0.313,0.5832832596956309
Reflux esophagitis,1.393,0.731,2.656,0.314,0.584286274509804
Rhabdomyolysis,0.849,0.617,1.168,0.314,0.584286274509804
Legal circumstances,0.426,0.081,2.244,0.314,0.584286274509804
Coronary atherosclerosis of native coronary artery,0.964,0.898,1.035,0.315,0.5850000000000001
Foreign body accidentally entering other orifice,0.727,0.39,1.354,0.315,0.5850000000000001
Malignant neoplasm of ureter,0.376,0.056,2.531,0.315,0.5850000000000001
Poisoning by insulins and antidiabetic agents,0.284,0.024,3.312,0.315,0.5850000000000001
Dissection of carotid artery,0.652,0.282,1.505,0.316,0.5857109375
"Cocaine abuse, continuous",0.589,0.209,1.658,0.316,0.5857109375
Leukemoid reaction,0.45,0.095,2.141,0.316,0.5857109375
"Reticulosarcoma, intrathoracic lymph nodes",0.349,0.045,2.73,0.316,0.5857109375
Other fall,0.844,0.606,1.176,0.317,0.5867050219405168
"Osteoarthrosis, localized, primary, shoulder region",0.593,0.213,1.652,0.317,0.5867050219405168
NIHSS score 3,0.483,0.116,2.007,0.317,0.5867050219405168
Fistula of bile duct,0.454,0.096,2.139,0.318,0.5879824646858256
"Spina bifida with hydrocephalus, unspecified region",0.409,0.07,2.368,0.318,0.5879824646858256
"Pressure ulcer, stage I",0.786,0.489,1.263,0.319,0.5888124091129424
"Hyperaldosteronism, unspecified",0.427,0.08,2.277,0.319,0.5888124091129424
"Other, mixed, or unspecified drug abuse, continuous",0.392,0.062,2.47,0.319,0.5888124091129424
Postmenopausal atrophic vaginitis,1.854,0.549,6.268,0.32,0.5888124091129424
Other symptoms referable to back,1.523,0.664,3.492,0.32,0.5888124091129424
Other specified disorders of rectum and anus,1.346,0.75,2.415,0.32,0.5888124091129424
"Late effects of cerebrovascular disease, hemiplegia affecting unspecified side",1.151,0.873,1.517,0.32,0.5888124091129424
Acute bronchospasm,0.581,0.199,1.695,0.32,0.5888124091129424
Ulcerative (chronic) proctitis,0.439,0.087,2.225,0.32,0.5888124091129424
Other mononeuritis of upper limb,0.385,0.059,2.524,0.32,0.5888124091129424
"Body Mass Index 31.0-31.9, adult",0.769,0.458,1.291,0.321,0.5897947725072604
Hb-SS disease with crisis,0.523,0.145,1.882,0.321,0.5897947725072604
"Osteoarthrosis, generalized, multiple sites",0.393,0.062,2.487,0.321,0.5897947725072604
Beta thalassemia,0.376,0.054,2.605,0.322,0.5913459119496856
Inhalation and ingestion of other object causing obstruction of respiratory tract or suffocation,0.716,0.368,1.392,0.324,0.5944436926051233
"Black eye, not otherwise specified",0.516,0.138,1.922,0.324,0.5944436926051233
Infective myositis,1.7,0.591,4.891,0.325,0.5954150579150579
Secondary and unspecified malignant neoplasm of lymph nodes of axilla and upper limb,0.785,0.484,1.272,0.325,0.5954150579150579
"Disorders of meninges, not elsewhere classified",0.399,0.064,2.487,0.325,0.5954150579150579
NIHSS score 5,2.41,0.417,13.936,0.326,0.5960963391136802
Pneumonia due to anaerobes,1.831,0.548,6.121,0.326,0.5960963391136802
Late effects of accidental fall,0.677,0.312,1.473,0.326,0.5960963391136802
Other chronic sinusitis,0.507,0.13,1.968,0.326,0.5960963391136802
"Abrasion or friction burn of face, neck, and scalp except eye, without mention of infection",1.265,0.791,2.024,0.327,0.5970620490620491
"Body Mass Index 70 and over, adult",0.504,0.128,1.982,0.327,0.5970620490620491
Unspecified disease of hair and hair follicles,0.397,0.062,2.525,0.327,0.5970620490620491
Anal fistula,0.575,0.189,1.745,0.328,0.5974510556621881
"Colitis, enteritis, and gastroenteritis of presumed infectious origin",0.492,0.119,2.037,0.328,0.5974510556621881
Encounter for planned post-operative wound closure,0.465,0.1,2.158,0.328,0.5974510556621881
Closed fracture of shaft of tibia alone,0.414,0.071,2.426,0.328,0.5974510556621881
Cerebral thrombosis without mention of cerebral infarction,0.411,0.07,2.435,0.328,0.5974510556621881
Personal history of malignant neoplasm of other female genital organs,1.446,0.69,3.031,0.329,0.5986979865771812
Restless legs syndrome (RLS),1.125,0.888,1.424,0.329,0.5986979865771812
"Osteoarthrosis, localized, not specified whether primary or secondary, site unspecified",0.886,0.694,1.131,0.33,0.6002299952084331
Pneumonia due to other gram-negative bacteria,0.772,0.458,1.301,0.331,0.6006099426386234
"Fracture of medial malleolus, closed",0.55,0.164,1.838,0.331,0.6006099426386234
"Unspecified osteomyelitis, pelvic region and thigh",0.417,0.071,2.434,0.331,0.6006099426386234
"Chronic myeloid leukemia, in remission",0.412,0.069,2.461,0.331,0.6006099426386234
"Secondary hyperparathyroidism, non-renal",0.311,0.03,3.278,0.331,0.6006099426386234
Other arterial embolism and thrombosis of abdominal aorta,1.577,0.628,3.961,0.332,0.6015618138424821
"Unspecified procedure as the cause of abnormal reaction of patient, or of later complication, without mention of misadventure at time of procedure",1.27,0.783,2.057,0.332,0.6015618138424821
"Calculus of gallbladder and bile duct with acute cholecystitis, without mention of obstruction",0.426,0.076,2.388,0.332,0.6015618138424821
Closed fracture of two ribs,0.838,0.587,1.198,0.333,0.6027982832618026
Injury to other specified intrathoracic organs without mention of open wound into cavity,0.474,0.105,2.149,0.333,0.6027982832618026
Vitreous degeneration,0.38,0.053,2.708,0.334,0.604320305052431
Atherosclerosis of renal artery,1.216,0.818,1.807,0.335,0.6046885401806943
"Late effects of cerebrovascular disease, hemiplegia affecting dominant side",1.214,0.818,1.803,0.335,0.6046885401806943
Unspecified functional disorder of stomach,0.483,0.11,2.124,0.335,0.6046885401806943
Other specified hypertrophic and atrophic conditions of skin,0.422,0.073,2.435,0.335,0.6046885401806943
"Pyogenic arthritis, forearm",0.37,0.049,2.801,0.335,0.6046885401806943
Contusion of eyelids and periocular area,1.968,0.496,7.803,0.336,0.60534219269103
"Malignant neoplasm of biliary tract, part unspecified site",0.529,0.145,1.933,0.336,0.60534219269103
Closed fracture of shaft of fibula with tibia,0.46,0.094,2.238,0.336,0.60534219269103
Psychogenic vomiting,0.353,0.043,2.936,0.336,0.60534219269103
Personal history of malignant neoplasm of other respiratory and intrathoracic organs,0.448,0.087,2.309,0.337,0.6065680417259365
Closed anterior dislocation of humerus,0.404,0.064,2.564,0.337,0.6065680417259365
Disorders of mitochondrial metabolism,0.376,0.051,2.779,0.338,0.6080796208530805
Budd-chiari syndrome,0.542,0.154,1.905,0.339,0.6095897678825202
Personal history of contact with and (suspected) exposure to asbestos,1.266,0.78,2.055,0.34,0.6105203405865658
Amnestic disorder in conditions classified elsewhere,0.488,0.112,2.131,0.34,0.6105203405865658
"Late effects of injury, undetermined whether accidentally or purposely inflicted",0.308,0.028,3.448,0.34,0.6105203405865658
Closed fracture of ilium,0.671,0.295,1.526,0.341,0.6120264775413712
Accidental poisoning by central nervous system stimulants,2.49,0.379,16.378,0.342,0.6123735849056604
"Nephritis and nephropathy, not specified as acute or chronic, with lesion of membranous glomerulonephritis",2.042,0.468,8.903,0.342,0.6123735849056604
Unspecified late effects of cerebrovascular disease,1.536,0.634,3.721,0.342,0.6123735849056604
Asymptomatic varicose veins,0.65,0.267,1.582,0.342,0.6123735849056604
Closed unspecified fracture of pelvis,0.385,0.054,2.762,0.342,0.6123735849056604
Pneumonia due to parainfluenza virus,0.467,0.097,2.256,0.343,0.6135852968897267
Other atopic dermatitis and related conditions,0.446,0.084,2.369,0.343,0.6135852968897267
Diastasis of muscle,2.456,0.381,15.825,0.344,0.6145054117647059
Other specified sites of sprains and strains,0.495,0.115,2.124,0.344,0.6145054117647059
Slow transit constipation,0.38,0.051,2.822,0.344,0.6145054117647059
"Variants of migraine, not elsewhere classified, without mention of intractable migraine without mention of status migrainosus",0.482,0.106,2.188,0.345,0.6157122708039492
"Calculus of gallbladder and bile duct with other cholecystitis, without mention of obstruction",0.46,0.092,2.302,0.345,0.6157122708039492
Postprocedural hematoma of a circulatory system organ or structure following other circulatory system procedure,1.785,0.535,5.951,0.346,0.6163378695448146
Aortic aneurysm of unspecified site without mention of rupture,0.514,0.129,2.052,0.346,0.6163378695448146
"Eating disorder, unspecified",0.447,0.084,2.381,0.346,0.6163378695448146
"Osteoarthrosis, localized, not specified whether primary or secondary, ankle and foot",0.394,0.057,2.74,0.346,0.6163378695448146
Salicylates causing adverse effects in therapeutic use,1.767,0.54,5.781,0.347,0.617539615564932
Infection and inflammatory reaction due to indwelling urinary catheter,1.251,0.784,1.998,0.347,0.617539615564932
Unspecified iridocyclitis,0.421,0.069,2.564,0.348,0.6190290534208059
Heart valve replaced by other means,0.918,0.768,1.098,0.349,0.6199363593823116
"Arthropathy, unspecified, multiple sites",0.389,0.054,2.799,0.349,0.6199363593823116
Screening examination for pulmonary tuberculosis,0.374,0.048,2.924,0.349,0.6199363593823116
"Systolic heart failure, unspecified",1.186,0.83,1.695,0.35,0.620841121495327
Tubal pregnancy without intrauterine pregnancy,0.5,0.117,2.141,0.35,0.620841121495327
Nervous system complications from surgically implanted device,0.441,0.079,2.453,0.35,0.620841121495327
"Infection following a procedure, other surgical site, initial encounter",1.956,0.478,7.996,0.351,0.6211636363636364
Other and unspecified anterior pituitary hyperfunction,1.942,0.481,7.838,0.351,0.6211636363636364
Polycystic ovaries,1.408,0.686,2.89,0.351,0.6211636363636364
Other localized visual field defect,0.431,0.074,2.524,0.351,0.6211636363636364
"Closed dislocation of shoulder, unspecified",0.366,0.044,3.028,0.351,0.6211636363636364
Idiopathic osteoporosis,0.363,0.043,3.083,0.353,0.6244119291705498
"Injury to other intra-abdominal organs without mention of open wound into cavity, adrenal gland",1.953,0.473,8.068,0.355,0.6270730572359237
"Osteoarthrosis, unspecified whether generalized or localized, pelvic region and thigh",1.304,0.743,2.288,0.355,0.6270730572359237
Laryngeal spasm,0.443,0.079,2.487,0.355,0.6270730572359237
Late effect of radiation,0.738,0.387,1.407,0.356,0.6279628252788104
"Abdominal pain, periumbilic",0.435,0.074,2.55,0.356,0.6279628252788104
Other demyelinating diseases of central nervous system,0.408,0.061,2.744,0.356,0.6279628252788104
Chronic venous embolism and thrombosis of other specified veins,0.446,0.08,2.495,0.358,0.63119739897817
"Other malignant lymphomas, intrathoracic lymph nodes",0.424,0.068,2.655,0.359,0.6323730858468678
Unspecified disorder of esophagus,0.411,0.061,2.752,0.359,0.6323730858468678
Late effect of fracture of upper extremities,2.494,0.353,17.62,0.36,0.6338404452690166
"Pyogenic arthritis, ankle and foot",1.772,0.519,6.046,0.361,0.635012048192771
"Nephritis and nephropathy, not specified as acute or chronic, with lesion of membranoproliferative glomerulonephritis",0.399,0.056,2.862,0.361,0.635012048192771
"Body Mass Index 37.0-37.9, adult",1.26,0.767,2.073,0.362,0.6361814814814815
Thoracoscopic surgical procedure converted to open procedure,0.417,0.063,2.736,0.362,0.6361814814814815
Polyneuropathy due to other toxic agents,0.577,0.176,1.893,0.364,0.6388090614886731
Congenital cystic disease of liver,0.445,0.077,2.56,0.364,0.6388090614886731
"Inguinal hernia, with obstruction, without mention of gangrene, unilateral or unspecified,recurrent",0.436,0.073,2.619,0.364,0.6388090614886731
"Tracheoesophageal fistula, esophageal atresia and stenosis",1.593,0.582,4.36,0.365,0.639972286374134
"Injury to other gastrointestinal sites, without mention of open wound into cavity",0.366,0.041,3.227,0.365,0.639972286374134
Unspecified viral hepatitis without mention of hepatic coma,1.746,0.521,5.847,0.366,0.6408376383763837
Other specified congenital anomalies of brain,0.533,0.136,2.088,0.366,0.6408376383763837
"Injury to spleen without mention of open wound into cavity, massive parenchymal disruption",0.403,0.056,2.89,0.366,0.6408376383763837
Other facial nerve disorders,0.647,0.251,1.666,0.367,0.6417005988023952
Other retroperitoneal abscess,0.6,0.198,1.819,0.367,0.6417005988023952
Malignant neoplasm of thymus,0.498,0.11,2.262,0.367,0.6417005988023952
Multiple involvement of mitral and aortic valves,1.354,0.7,2.616,0.368,0.6425611775528979
"Viral pneumonia, unspecified",0.624,0.224,1.741,0.368,0.6425611775528979
Other specified disorders of eye and adnexa,0.361,0.039,3.316,0.368,0.6425611775528979
Acute graft-versus-host disease,1.63,0.561,4.736,0.369,0.6434193844740469
Lymphocytosis (symptomatic),0.415,0.061,2.828,0.369,0.6434193844740469
Need for isolation,0.411,0.059,2.857,0.369,0.6434193844740469
Obstructive chronic bronchitis without exacerbation,1.067,0.926,1.23,0.37,0.6442752293577981
Closed fracture of fourth cervical vertebra,0.654,0.258,1.655,0.37,0.6442752293577981
"Anomaly of aorta, unspecified",0.416,0.061,2.829,0.37,0.6442752293577981
Other pyoderma,2.38,0.356,15.928,0.371,0.6451287219422813
"Amyloidosis, unspecified",0.691,0.307,1.553,0.371,0.6451287219422813
Contact with or exposure to other viral diseases,0.476,0.093,2.424,0.371,0.6451287219422813
Intracranial abscess,1.566,0.585,4.195,0.372,0.6462755148741419
Automatic implantable cardiac defibrillator in situ,1.086,0.907,1.3,0.372,0.6462755148741419
Aneurysm of other specified artery,0.354,0.036,3.472,0.373,0.6477163769441903
Other specified acquired deformity of head,1.515,0.607,3.784,0.374,0.6485628140703518
Dementia in conditions classified elsewhere without behavioral disturbance,0.857,0.609,1.205,0.374,0.6485628140703518
Other functional disorders of intestine,0.624,0.22,1.767,0.374,0.6485628140703518
"Acute alcoholic intoxication in alcoholism, continuous",1.217,0.788,1.878,0.375,0.649703331811958
"Gastrojejunal ulcer, unspecified as acute or chronic, without mention of hemorrhage or perforation, without mention of obstruction",0.473,0.091,2.471,0.375,0.649703331811958
Other inflammatory and toxic neuropathy,0.446,0.075,2.662,0.376,0.6511386861313869
Dissection of other artery,0.682,0.292,1.594,0.377,0.651978132118451
Herpetic gingivostomatitis,0.616,0.211,1.803,0.377,0.651978132118451
Agoraphobia with panic disorder,0.455,0.079,2.613,0.377,0.651978132118451
Chylocele of tunica vaginalis,0.55,0.146,2.077,0.378,0.6534098360655738
"Open wound of toe(s), without mention of complication",1.847,0.471,7.245,0.379,0.6545423111919927
Benign neoplasm of ovary,0.614,0.207,1.818,0.379,0.6545423111919927
Acute post-thoracotomy pain,0.491,0.101,2.397,0.38,0.6556727272727273
Irritable bowel syndrome with constipation,0.425,0.063,2.876,0.38,0.6556727272727273
Benign neoplasm of parathyroid gland,0.507,0.111,2.318,0.381,0.6568010899182561
"Endometriosis, site unspecified",0.452,0.077,2.666,0.381,0.6568010899182561
Other stomatitis and mucositis (ulcerative),1.421,0.646,3.128,0.382,0.6579274047186933
Abscess of prostate,0.442,0.071,2.762,0.382,0.6579274047186933
Allergy to radiographic dye,1.504,0.601,3.764,0.384,0.6595764705882353
"Cannabis abuse, continuous",0.62,0.211,1.822,0.384,0.6595764705882353
"Acute venous embolism and thrombosis of upper extremity, unspecified",0.609,0.199,1.861,0.384,0.6595764705882353
"Open wound of cheek, without mention of complication",0.455,0.077,2.679,0.384,0.6595764705882353
Unspecified gingival and periodontal disease,0.431,0.065,2.874,0.384,0.6595764705882353
Family history of other digestive disorders,0.417,0.058,2.984,0.384,0.6595764705882353
Unspecified chronic bronchitis,0.689,0.297,1.596,0.385,0.6603976502485314
"Hyperplasia of prostate, unspecified, with urinary obstruction and other lower urinary symptoms (LUTS)",0.457,0.078,2.674,0.385,0.6603976502485314
Abdominal aortic ectasia,0.38,0.043,3.372,0.385,0.6603976502485314
"Demyelinating disease of central nervous system, unspecified",0.46,0.079,2.673,0.387,0.6635284552845528
Other extrapyramidal diseases and abnormal movement disorders,1.574,0.561,4.414,0.388,0.6646425992779783
Chronic venous embolism and thrombosis of internal jugular veins,0.523,0.12,2.279,0.388,0.6646425992779783
Adjustment disorder with mixed anxiety and depressed mood,1.385,0.66,2.909,0.389,0.6660550293188995
Motor vehicle traffic accident involving collision with pedestrian injuring pedestrian,0.749,0.388,1.447,0.39,0.6671653898152321
Postmyocardial infarction syndrome,0.395,0.048,3.274,0.39,0.6671653898152321
"Malignant neoplasm of larynx, unspecified",0.51,0.109,2.379,0.391,0.667672514619883
Meningitis due to unspecified bacterium,0.454,0.075,2.758,0.391,0.667672514619883
"Cocaine abuse, in remission (2)",0.378,0.041,3.497,0.391,0.667672514619883
Central nervous system complication,0.307,0.021,4.545,0.391,0.667672514619883
"Unspecified adverse effect of unspecified drug, medicinal and biological substance",0.63,0.218,1.817,0.392,0.6687784269662922
"Fracture of orbital floor, left side, initial encounter for closed fracture",0.364,0.036,3.677,0.392,0.6687784269662922
Postprocedural hematoma of a genitourinary system organ or structure following a genitourinary system procedure,1.863,0.446,7.782,0.393,0.6695816876122083
"Unspecified fracture of ankle, open",0.458,0.076,2.749,0.393,0.6695816876122083
Other anomalies of intestine,0.378,0.04,3.522,0.393,0.6695816876122083
Iatrogenic cerebrovascular infarction or hemorrhage,0.829,0.539,1.276,0.394,0.6697823555754591
Type 2 diabetes mellitus with ketoacidosis without coma,0.507,0.106,2.418,0.394,0.6697823555754591
Toxic effect of ethyl alcohol,0.457,0.076,2.761,0.394,0.6697823555754591
Volkmann's ischemic contracture,0.455,0.074,2.781,0.394,0.6697823555754591
NIHSS score 6,0.437,0.065,2.925,0.394,0.6697823555754591
Delusional disorder,0.72,0.338,1.534,0.395,0.6705813953488372
Other specified family circumstances,0.525,0.119,2.317,0.395,0.6705813953488372
Late effect of unspecified injury,0.422,0.058,3.074,0.395,0.6705813953488372
Full incontinence of feces,0.816,0.51,1.305,0.396,0.6710785714285714
Urethral false passage,0.504,0.104,2.454,0.396,0.6710785714285714
Sprains and strains of unspecified site of knee and leg,0.474,0.084,2.663,0.396,0.6710785714285714
Unspecified symptom associated with female genital organs,0.463,0.078,2.739,0.396,0.6710785714285714
Closed fracture of navicular (scaphoid) bone of wrist,0.461,0.077,2.769,0.397,0.6724730031236056
"Keratoderma, acquired",0.572,0.156,2.092,0.398,0.6735657601426661
Other genetic carrier status,0.467,0.08,2.727,0.398,0.6735657601426661
Uric acid metabolism drugs causing adverse effects in therapeutic use,1.693,0.499,5.749,0.399,0.6740560747663551
Neoplasm of unspecified nature of digestive system,0.507,0.105,2.458,0.399,0.6740560747663551
Coronary atherosclerosis of artery bypass graft,0.473,0.083,2.693,0.399,0.6740560747663551
Salmonella gastroenteritis,0.458,0.075,2.808,0.399,0.6740560747663551
Intramural leiomyoma of uterus,0.559,0.144,2.168,0.4,0.6748444444444445
"Sepsis following a procedure, initial encounter",0.487,0.091,2.597,0.4,0.6748444444444445
Other specified glaucoma,0.469,0.08,2.735,0.4,0.6748444444444445
"Diabetes with renal manifestations, type I (juvenile type), uncontrolled",1.432,0.619,3.312,0.401,0.6756307146027519
Unspecified vitamin D deficiency,0.915,0.744,1.126,0.401,0.6756307146027519
"Nonspecific (abnormal) findings on radiological and other examination of abdominal area, including retroperitoneum",0.499,0.098,2.529,0.401,0.6756307146027519
"Accidental poisoning by aromatic analgesics, not elsewhere classified",2.113,0.367,12.173,0.402,0.6767148558758315
Accidental fall from other furniture,0.444,0.067,2.962,0.402,0.6767148558758315
Fistula of stomach or duodenum,0.54,0.127,2.289,0.403,0.6777970757642889
Sprains and strains of other specified sites of hip and thigh,0.502,0.1,2.517,0.403,0.6777970757642889
Hydronephrosis,1.097,0.883,1.362,0.404,0.6785769911504426
Dysarthria,0.897,0.695,1.158,0.404,0.6785769911504426
Other nonthrombocytopenic purpuras,0.439,0.063,3.041,0.404,0.6785769911504426
"Diabetes with ophthalmic manifestations, type I (juvenile type), uncontrolled",1.5,0.578,3.894,0.405,0.6792313794623183
"Neurofibromatosis, unspecified",0.391,0.043,3.553,0.405,0.6792313794623183
"Malignant neoplasm of upper lobe, bronchus or lung",0.896,0.691,1.161,0.406,0.6792313794623183
"Periprosthetic fracture around internal prosthetic left hip joint, initial encounter",0.497,0.096,2.583,0.406,0.6792313794623183
Cholesterolosis of gallbladder,0.443,0.065,3.027,0.406,0.6792313794623183
Pain in or around eye,0.416,0.053,3.292,0.406,0.6792313794623183
Other acquired torsion dystonia,0.413,0.051,3.324,0.406,0.6792313794623183
"Poisoning by other antipsychotics, neuroleptics, and major tranquilizers",0.398,0.045,3.494,0.406,0.6792313794623183
Malignant neoplasm of appendix vermiformis,0.373,0.036,3.817,0.406,0.6792313794623183
Abnormal reflex,0.56,0.142,2.204,0.407,0.6806044052863436
Benign neoplasm of brain,1.764,0.459,6.775,0.408,0.6813761548614167
Other postoperative functional disorders,0.741,0.364,1.507,0.408,0.6813761548614167
Acute prostatitis,0.496,0.094,2.615,0.408,0.6813761548614167
Deviated nasal septum,1.77,0.456,6.865,0.409,0.6818462889767237
Other elevated white blood cell count,1.432,0.611,3.36,0.409,0.6818462889767237
Secondary neuroendocrine tumor of other sites,0.571,0.151,2.161,0.409,0.6818462889767237
Anomalies of other specified sites of peripheral vascular system,0.484,0.087,2.706,0.409,0.6818462889767237
Closed fracture of dorsal (thoracic) vertebra without mention of spinal cord injury,1.144,0.831,1.573,0.41,0.6832133450395084
Disorders of bilirubin excretion,0.815,0.501,1.327,0.411,0.6836792287467134
Malignant neoplasm of renal pelvis,0.482,0.085,2.74,0.411,0.6836792287467134
"Injury to kidney without mention of open wound into cavity, hematoma without rupture of capsule",0.447,0.066,3.042,0.411,0.6836792287467134
"Panniculitis, other site",0.429,0.057,3.225,0.411,0.6836792287467134
Closed fracture of multiple cervical vertebrae,1.673,0.49,5.71,0.412,0.6847425569176881
Shoulder joint replacement,1.289,0.702,2.367,0.412,0.6847425569176881
External hemorrhoids with other complication,1.419,0.613,3.284,0.413,0.6855041539134237
Accident caused by other hot substance or object,0.447,0.065,3.076,0.413,0.6855041539134237
Hernia of unspecified site without mention of obstruction or gangrene,0.394,0.042,3.659,0.413,0.6855041539134237
Closed fracture of malar and maxillary bones,0.812,0.492,1.339,0.415,0.6882219309742246
Contact with or exposure to tuberculosis,0.581,0.157,2.148,0.415,0.6882219309742246
Personal history of malignant neoplasm of tongue,1.408,0.618,3.209,0.416,0.6889773123909249
Hypertensive retinopathy,0.495,0.091,2.699,0.416,0.6889773123909249
Accidental poisoning by benzodiazepine-based tranquilizers,0.359,0.03,4.245,0.416,0.6889773123909249
Unspecified congenital anomaly of heart,0.47,0.076,2.911,0.417,0.6903323157435673
Mitral valve stenosis and aortic valve stenosis,1.17,0.8,1.711,0.418,0.6910836236933798
Personal history of malignant neoplasm of cervix uteri,0.824,0.515,1.317,0.418,0.6910836236933798
Iodine hypothyroidism,0.523,0.109,2.511,0.418,0.6910836236933798
Chronic lymphocytic thyroiditis,0.747,0.368,1.515,0.419,0.6918329708568943
Other motor vehicle traffic accident involving collision with motor vehicle injuring passenger in motor vehicle other than motorcycle,0.677,0.263,1.743,0.419,0.6918329708568943
Other dental caries,0.435,0.058,3.272,0.419,0.6918329708568943
Sebaceous cyst,0.6,0.174,2.073,0.42,0.6922796352583587
"Infection following other infusion, injection, transfusion, or vaccination",0.58,0.155,2.176,0.42,0.6922796352583587
Hemochromatosis due to repeated red blood cell transfusions,0.509,0.099,2.63,0.42,0.6922796352583587
Unspecified hypertrophic and atrophic conditions of skin,0.426,0.054,3.388,0.42,0.6922796352583587
Orthopnea,0.484,0.082,2.839,0.421,0.6927247507585609
"Myeloid sarcoma, without mention of having achieved remission",0.448,0.063,3.175,0.421,0.6927247507585609
Closed fracture of unspecified part of femur,0.425,0.053,3.414,0.421,0.6927247507585609
"Maxillary fracture, left side, initial encounter for closed fracture",0.36,0.03,4.331,0.421,0.6927247507585609
Perforation of gallbladder,1.476,0.571,3.817,0.422,0.6934683982683982
"Diabetes with peripheral circulatory disorders, type II or unspecified type, uncontrolled",0.671,0.253,1.778,0.422,0.6934683982683982
C1-C4 level with other specified spinal cord injury,0.446,0.062,3.204,0.422,0.6934683982683982
Other diseases of trachea and bronchus,0.895,0.682,1.175,0.424,0.6961522491349481
Neoplasm of unspecified nature of other genitourinary organs,0.466,0.072,3.023,0.424,0.6961522491349481
"Other and unspecified disc disorder, thoracic region",1.946,0.38,9.98,0.425,0.6965889464594127
Closed supracondylar fracture of humerus,0.524,0.107,2.565,0.425,0.6965889464594127
Chronic maxillary sinusitis,0.509,0.097,2.669,0.425,0.6965889464594127
Orbital edema or congestion,0.439,0.058,3.317,0.425,0.6965889464594127
Closed fracture of shaft of femur,1.268,0.706,2.275,0.426,0.6973247089262613
Candidiasis of other urogenital sites,0.853,0.577,1.261,0.426,0.6973247089262613
Open fracture of lower end of radius with ulna,0.512,0.099,2.662,0.426,0.6973247089262613
Herpes zoster with unspecified nervous system complication,1.466,0.571,3.766,0.427,0.6980585701981051
"Injury to other intra-abdominal organs without mention of open wound into cavity, retroperitoneum",0.674,0.254,1.785,0.427,0.6980585701981051
Poisoning by other antidepressants,0.43,0.053,3.462,0.427,0.6980585701981051
Cushing's syndrome,0.581,0.152,2.223,0.428,0.6993921653034869
Speech disturbance nec,1.366,0.631,2.958,0.429,0.7004232258064516
Need for prophylactic vaccination and inoculation against tetanus toxoid alone,0.518,0.102,2.638,0.429,0.7004232258064516
"Organ or tissue replaced by other means, heart assist device",1.69,0.457,6.241,0.431,0.7021785407725322
"Disorders of bursae and tendons in shoulder region, unspecified",1.302,0.676,2.509,0.431,0.7021785407725322
"Macular degeneration (senile), unspecified",0.905,0.706,1.16,0.431,0.7021785407725322
Other specified drug-induced mental disorders,0.497,0.087,2.832,0.431,0.7021785407725322
"Injury to liver without mention of open wound into cavity, laceration, minor",0.363,0.029,4.519,0.431,0.7021785407725322
Arthrodesis status,0.896,0.682,1.177,0.432,0.7026015424164525
Methicillin resistant pneumonia due to Staphylococcus aureus,0.832,0.525,1.317,0.432,0.7026015424164525
"Profound impairment, both eyes, impairment level not further specified",0.797,0.453,1.404,0.432,0.7026015424164525
Neoplasm of uncertain behavior of other and unspecified digestive organs,0.515,0.098,2.699,0.432,0.7026015424164525
Behcet's syndrome,0.42,0.048,3.675,0.433,0.7039263383297645
Cellulitis and perichondritis of larynx,0.438,0.056,3.455,0.434,0.70525
"Tear film insufficiency, unspecified",0.747,0.359,1.553,0.435,0.7056666666666667
Lesion of ulnar nerve,0.617,0.184,2.072,0.435,0.7056666666666667
"Hereditary hemolytic anemia, unspecified",0.573,0.142,2.316,0.435,0.7056666666666667
Assault by handgun,0.438,0.055,3.487,0.435,0.7056666666666667
"Late effects of cerebrovascular disease, cognitive deficits",0.743,0.351,1.569,0.436,0.7069867577958138
Bone marrow replaced by transplant,1.218,0.741,2.0,0.437,0.7080034144259497
"Infection and inflammatory reaction due to other internal prosthetic device, implant, and graft",0.766,0.391,1.501,0.437,0.7080034144259497
"Dependence on respirator, status",1.204,0.753,1.925,0.438,0.7090183368869937
Varicose veins of lower extremities with ulcer,0.611,0.176,2.119,0.438,0.7090183368869937
Myotonic muscular dystrophy,1.767,0.417,7.486,0.439,0.7103341858482524
Other genital herpes,0.459,0.064,3.31,0.44,0.7116489135066042
Lipoma of intra-abdominal organs,0.53,0.106,2.658,0.441,0.7129625212947189
"Paranoid type schizophrenia, chronic with acute exacerbation",0.536,0.109,2.626,0.442,0.7136673755848576
Pathologic fracture of humerus,0.502,0.086,2.912,0.442,0.7136673755848576
"Motor vehicle traffic accident due to loss of control, without collision on the highway, injuring passenger in motor vehicle other than motorcycle",0.495,0.082,2.972,0.442,0.7136673755848576
"Melanoma of skin, site unspecified",1.332,0.641,2.77,0.443,0.7140670912951168
"Abdominal pain, left lower quadrant",1.257,0.701,2.254,0.443,0.7140670912951168
Allergy to seafood,0.47,0.068,3.242,0.443,0.7140670912951168
Biventricular heart failure,0.357,0.026,4.972,0.443,0.7140670912951168
Agoraphobia without mention of panic attacks,0.487,0.077,3.073,0.444,0.7147684478371502
Diseases of lips,0.462,0.064,3.344,0.444,0.7147684478371502
Unspecified site injury,0.459,0.062,3.376,0.444,0.7147684478371502
Subserous leiomyoma of uterus,0.506,0.088,2.903,0.445,0.715771186440678
"Chorioretinitis, unspecified",0.311,0.016,6.215,0.445,0.715771186440678
Fitting and adjustment of cardiac pacemaker,1.137,0.817,1.583,0.446,0.7164688954718579
Flat foot,0.437,0.052,3.674,0.446,0.7164688954718579
"Open wound of wrist, without mention of complication",0.417,0.044,3.95,0.446,0.7164688954718579
Anticoagulants causing adverse effects in therapeutic use,1.099,0.861,1.402,0.448,0.7181621621621622
"Mechanical complication due to other implant and internal device, not elsewhere classified",0.867,0.598,1.255,0.448,0.7181621621621622
"Drug induced headache, not elsewhere classified",0.491,0.078,3.08,0.448,0.7181621621621622
Pyoderma gangrenosum,0.476,0.07,3.233,0.448,0.7181621621621622
"Bimalleolar fracture, open",0.45,0.057,3.55,0.448,0.7181621621621622
"Osteoarthrosis, localized, primary, pelvic region and thigh",1.236,0.714,2.14,0.449,0.719157805907173
"Open wound of knee, leg (except thigh), and ankle, complicated",0.536,0.107,2.695,0.449,0.719157805907173
Rosacea,0.683,0.254,1.835,0.45,0.7201517706576728
Closed fracture of triquetral (cuneiform) bone of wrist,0.472,0.067,3.317,0.45,0.7201517706576728
"Abdominal pain, generalized",1.243,0.705,2.19,0.452,0.723047619047619
Other chronic pulmonary heart diseases,1.042,0.935,1.161,0.453,0.7231236333052986
Aftercare for healing pathologic fracture of vertebrae,0.596,0.154,2.304,0.453,0.7231236333052986
Striking against or struck accidentally by objects or persons in sports,0.535,0.104,2.741,0.453,0.7231236333052986
Family history of other kidney diseases,0.516,0.091,2.907,0.453,0.7231236333052986
Other chronic cystitis,0.477,0.069,3.287,0.453,0.7231236333052986
"Opioid type dependence, continuous",0.835,0.522,1.338,0.454,0.724110924369748
Narcissistic personality disorder,0.458,0.059,3.537,0.454,0.724110924369748
Unspecified disorder of autonomic nervous system,0.834,0.516,1.345,0.456,0.7269953800923982
"Body Mass Index 36.0-36.9, adult",1.203,0.739,1.957,0.457,0.727978178766261
Other motor vehicle nontraffic accident involving collision with stationary object injuring driver of motor vehicle other than motorcycle,0.464,0.061,3.508,0.457,0.727978178766261
"Diabetes with peripheral circulatory disorders, type I (juvenile type), uncontrolled",1.891,0.351,10.174,0.458,0.7286538139145013
Localized adiposity,0.518,0.091,2.939,0.458,0.7286538139145013
Poisoning by other specified drugs and medicinal substances,0.46,0.059,3.58,0.458,0.7286538139145013
Complications of transplanted bone marrow,1.263,0.681,2.344,0.459,0.7296331658291457
"Osteoarthrosis, generalized, site unspecified",0.528,0.098,2.858,0.459,0.7296331658291457
Contracture of palmar fascia,0.526,0.095,2.897,0.46,0.7303053115851109
"Other current conditions classifiable elsewhere of mother, postpartum condition or complication",0.52,0.092,2.949,0.46,0.7303053115851109
"Arthropathy, unspecified, shoulder region",0.481,0.069,3.349,0.46,0.7303053115851109
Viral hepatitis A without mention of hepatic coma,1.599,0.459,5.562,0.461,0.7312812369410783
Skeletal muscle relaxants causing adverse effects in therapeutic use,0.478,0.067,3.409,0.461,0.7312812369410783
Closed fracture of upper end of fibula with tibia,0.591,0.145,2.399,0.462,0.7322555323590815
Closed fracture of distal end of ulna (alone),0.517,0.089,2.998,0.462,0.7322555323590815
Septic arterial embolism,1.45,0.537,3.913,0.463,0.732616923718216
Nonspecific reaction to tuberculin skin test without active tuberculosis (2),0.798,0.436,1.459,0.463,0.732616923718216
Other specified idiopathic peripheral neuropathy,0.683,0.247,1.888,0.463,0.732616923718216
Family history of malignant neoplasm of other respiratory and intrathoracic organs,0.465,0.06,3.589,0.463,0.732616923718216
"Tachycardia, unspecified",1.067,0.897,1.27,0.464,0.7338933333333334
"Osteoarthrosis, localized, primary, forearm",2.121,0.282,15.957,0.465,0.7348626144879268
Cryptococcosis,0.57,0.126,2.577,0.465,0.7348626144879268
Malignant neoplasm of sigmoid colon,0.779,0.398,1.524,0.466,0.7355243243243244
Chills (without fever),0.634,0.186,2.163,0.466,0.7355243243243244
Pain in thoracic spine,0.486,0.07,3.374,0.466,0.7355243243243244
"Acute osteomyelitis, lower leg",0.507,0.081,3.158,0.467,0.7367963424771405
Secondary malignant neoplasm of small intestine including duodenum,0.842,0.529,1.34,0.468,0.7374545454545455
Neoplasm of uncertain behavior of connective and other soft tissue,0.663,0.219,2.012,0.468,0.7374545454545455
"Open wound of auricle, ear, without mention of complication",0.434,0.046,4.131,0.468,0.7374545454545455
"Osteoarthrosis, localized, primary, site unspecified",0.536,0.099,2.907,0.469,0.738417254251348
Other functional disorder of bladder,0.519,0.088,3.069,0.469,0.738417254251348
Unspecified diffuse connective tissue disease,1.455,0.526,4.02,0.47,0.7390720795360397
Other iatrogenic hypothyroidism,0.64,0.191,2.144,0.47,0.7390720795360397
"Blister of foot and toe(s), without mention of infection",0.537,0.099,2.899,0.47,0.7390720795360397
Glucocorticoid deficiency,1.103,0.845,1.439,0.471,0.7397252792718245
"Arthropathy, unspecified, lower leg",0.738,0.322,1.689,0.471,0.7397252792718245
"Late effects of cerebrovascular disease, monoplegia of upper limb affecting dominant side",0.393,0.031,4.974,0.471,0.7397252792718245
Malignant neoplasm of duodenum,1.357,0.591,3.116,0.472,0.7406829268292683
Long-term (current) use of other medications,1.087,0.866,1.363,0.472,0.7406829268292683
Hepatitis B carrier,0.675,0.23,1.979,0.473,0.7416389921520032
Respiratory conditions due to other specified external agents,0.672,0.227,1.991,0.473,0.7416389921520032
"Open wound of hip and thigh, without mention of complication",0.486,0.067,3.524,0.475,0.744467382328654
Drug-induced mood disorder,0.474,0.061,3.688,0.476,0.7457267849773008
Pulmonary eosinophilia,1.384,0.565,3.395,0.477,0.746061804697157
Spinal stenosis in cervical region,1.151,0.781,1.698,0.477,0.746061804697157
"Other allergy, other than to medicinal agents",0.534,0.095,3.001,0.477,0.746061804697157
"Pulmonary tuberculosis, unspecified, unspecified",0.531,0.093,3.036,0.477,0.746061804697157
Other nonspecific abnormal results of function study of cardiovascular system,0.554,0.108,2.836,0.478,0.7467028806584363
"Personal history of other endocrine, metabolic, and immunity disorders",0.436,0.044,4.312,0.478,0.7467028806584363
Laceration of lung without mention of open wound into thorax,0.377,0.025,5.576,0.478,0.7467028806584363
Other hemochromatosis,0.814,0.46,1.439,0.479,0.7479572192513368
"Spina bifida without mention of hydrocephalus, unspecified region",0.524,0.087,3.145,0.48,0.7492105263157894
Anorexia nervosa,1.35,0.586,3.111,0.482,0.7517140509449466
Other disorders of papillary muscle,0.541,0.098,2.999,0.482,0.7517140509449466
Aftercare for healing traumatic fracture of hip,1.277,0.644,2.532,0.483,0.752346327451785
Toxic gastroenteritis and colitis,1.183,0.74,1.892,0.483,0.752346327451785
Unspecified delay in development,0.701,0.26,1.889,0.483,0.752346327451785
"Abrasion or friction burn of elbow, forearm, and wrist, without mention of infection",0.714,0.278,1.835,0.484,0.7532857728577286
Major osseous defects,0.506,0.075,3.409,0.484,0.7532857728577286
Other cataract,1.336,0.592,3.016,0.485,0.7539148239148239
"Dysphagia, pharyngoesophageal phase",0.498,0.071,3.517,0.485,0.7539148239148239
"Infection following a procedure, organ and space surgical site, initial encounter",0.341,0.017,6.979,0.485,0.7539148239148239
"Contusion of multiple sites, not elsewhere classified",0.553,0.105,2.921,0.486,0.7548510638297872
"Blister of hip, thigh, leg, and ankle, without mention of infection",0.456,0.05,4.14,0.486,0.7548510638297872
"Closed fracture of metacarpal bone(s), site unspecified",0.491,0.066,3.642,0.487,0.7560948875255624
"Senile dementia, uncomplicated",1.069,0.885,1.291,0.488,0.7564099632503063
Malignant neoplasm of central portion of female breast,0.504,0.073,3.487,0.488,0.7564099632503063
Evans' syndrome,0.453,0.048,4.241,0.488,0.7564099632503063
"Pain due to other internal prosthetic devices, implants and grafts, initial encounter",0.433,0.04,4.626,0.488,0.7564099632503063
"Closed fracture of intracapsular section of neck of femur, unspecified",1.468,0.496,4.347,0.489,0.7570326264274062
"Benign neoplasm of kidney, except pelvis",0.55,0.102,2.982,0.489,0.7570326264274062
Postprocedural seroma of skin and subcutaneous tissue following other procedure,0.483,0.061,3.796,0.489,0.7570326264274062
Flushing,0.52,0.081,3.325,0.49,0.7576537678207739
Vascular disorders of skin,0.466,0.053,4.066,0.49,0.7576537678207739
"Cannabis abuse, episodic",0.456,0.049,4.235,0.49,0.7576537678207739
"Personal history of malignant neoplasm of nasal cavities, middle ear, and accessory sinuses",1.924,0.299,12.381,0.491,0.758273393002441
Systemic inflammatory response syndrome due to noninfectious process without acute organ dysfunction,1.274,0.64,2.536,0.491,0.758273393002441
Peri-prosthetic fracture around prosthetic joint,0.644,0.184,2.253,0.491,0.758273393002441
Disruption of internal operation (surgical) wound,0.793,0.41,1.534,0.492,0.7585832656376928
Neuromyelitis optica,0.501,0.07,3.601,0.492,0.7585832656376928
"Cluster headache syndrome, unspecified",0.479,0.059,3.899,0.492,0.7585832656376928
Benign neoplasm of spinal meninges,0.477,0.058,3.945,0.492,0.7585832656376928
"Bipolar I disorder, most recent episode (or current) manic, severe, specified as with psychotic behavior",0.665,0.207,2.138,0.493,0.7588921330089213
Corpus luteum cyst or hematoma,0.544,0.096,3.096,0.493,0.7588921330089213
"Reflex sympathetic dystrophy, unspecified",0.507,0.073,3.536,0.493,0.7588921330089213
Chronic glomerulonephritis with other specified pathological lesion in kidney,0.5,0.069,3.631,0.493,0.7588921330089213
Person feigning illness,0.524,0.082,3.345,0.494,0.7598152350081038
Poisoning by amphetamines,0.385,0.025,5.944,0.494,0.7598152350081038
Contusion of back,1.409,0.527,3.769,0.495,0.7601213592233009
Secondary malignant neoplasm of other specified sites,0.928,0.749,1.15,0.495,0.7601213592233009
Concussion with no loss of consciousness,0.553,0.101,3.025,0.495,0.7601213592233009
"Closed dislocation of interphalangeal (joint), hand",0.455,0.047,4.381,0.495,0.7601213592233009
Complications of transplanted liver,0.852,0.538,1.35,0.496,0.7610412287793048
Unspecified diseases of conjunctiva due to viruses,0.5,0.068,3.689,0.496,0.7610412287793048
"Unspecified noninflammatory disorder of ovary, fallopian tube, and broad ligament",0.465,0.051,4.242,0.497,0.7622674747474748
Malignant neoplasm of other specified sites of female breast,0.813,0.448,1.478,0.498,0.7628765133171913
"Other specified complications of pregnancy, antepartum condition or complication",0.555,0.101,3.048,0.498,0.7628765133171913
Other and unspecified diseases of appendix,0.5,0.067,3.714,0.498,0.7628765133171913
Other artificial opening of urinary tract status,1.159,0.756,1.777,0.499,0.763484079000403
"Osteoarthrosis, unspecified whether generalized or localized, lower leg",1.14,0.779,1.667,0.499,0.763484079000403
Unspecified disorder of eye movements,0.454,0.046,4.474,0.499,0.763484079000403
"Bipolar I disorder, most recent episode (or current) unspecified",0.646,0.182,2.3,0.5,0.7647058823529411
"Other complications due to genitourinary device, implant, and graft",0.715,0.269,1.901,0.501,0.7650024135156879
Acute esophagitis,0.525,0.08,3.431,0.501,0.7650024135156879
Fall resulting in striking against sharp object,0.512,0.073,3.609,0.501,0.7650024135156879
"Effusion of joint, upper arm",0.509,0.071,3.641,0.501,0.7650024135156879
Abdominal aneurysm without mention of rupture,0.932,0.76,1.144,0.502,0.7652979919678714
Neoplasm of unspecified nature of endocrine glands and other parts of nervous system,0.545,0.092,3.213,0.502,0.7652979919678714
"Tear of lateral cartilage or meniscus of knee, current",0.543,0.091,3.233,0.502,0.7652979919678714
Prolapsed urethral mucosa,0.534,0.086,3.334,0.502,0.7652979919678714
"Suicide and self-inflicted poisoning by analgesics, antipyretics, and antirheumatics",0.575,0.114,2.904,0.503,0.7665146527498997
Occlusion and stenosis of basilar artery without mention of cerebral infarction,0.609,0.142,2.617,0.505,0.7683286573146293
Problems with hearing,0.511,0.071,3.676,0.505,0.7683286573146293
Antilipemic and antiarteriosclerotic drugs causing adverse effects in therapeutic use,0.508,0.069,3.717,0.505,0.7683286573146293
Poisoning by antiallergic and antiemetic drugs,0.502,0.067,3.793,0.505,0.7683286573146293
Wheezing,0.699,0.243,2.012,0.506,0.7686178471388556
Sympathomimetics (adrenergics) causing adverse effects in therapeutic use,0.467,0.05,4.407,0.506,0.7686178471388556
Other specified dermatomycoses,0.413,0.03,5.608,0.506,0.7686178471388556
Lesion of sciatic nerve,0.382,0.022,6.536,0.506,0.7686178471388556
Alcoholic fatty liver,1.314,0.586,2.945,0.507,0.7692134292565947
Complications of transplanted pancreas,0.645,0.177,2.357,0.507,0.7692134292565947
"Pyogenic arthritis, site unspecified",0.507,0.068,3.775,0.507,0.7692134292565947
Pneumonia in aspergillosis,1.424,0.499,4.061,0.508,0.770115015974441
Other optic neuritis,0.435,0.037,5.119,0.508,0.770115015974441
Other gastrostomy complications,1.317,0.582,2.978,0.509,0.7710151636073423
"Streptococcus infection in conditions classified elsewhere and of unspecified site, other streptococcus",0.887,0.622,1.266,0.509,0.7710151636073423
"Megacolon, other than Hirschsprung's",1.701,0.349,8.285,0.511,0.773119170984456
"Abdominal pain, unspecified site",1.079,0.86,1.354,0.511,0.773119170984456
"Orchitis and epididymitis, unspecified",0.685,0.221,2.118,0.511,0.773119170984456
"Sickle-cell disease, unspecified",0.554,0.095,3.236,0.512,0.7740151334129829
Peroneal muscular atrophy,0.534,0.082,3.482,0.512,0.7740151334129829
Selective IgA immunodeficiency,1.511,0.438,5.215,0.513,0.7749096697174691
Other specified alveolar and parietoalveolar pneumonopathies,1.269,0.622,2.589,0.513,0.7749096697174691
"Cannabis dependence, unspecified",0.474,0.05,4.452,0.514,0.7761113762927606
Other syndromes affecting cervical region,1.558,0.41,5.924,0.515,0.7763860206513107
Suicide and self-inflicted poisoning by other specified drugs and medicinal substances,1.534,0.422,5.572,0.515,0.7763860206513107
Personal history of malignant neoplasm of larynx,1.184,0.712,1.971,0.515,0.7763860206513107
Closed fracture of base of other metacarpal bone(s),0.536,0.082,3.508,0.515,0.7763860206513107
"Unspecified congenital anomaly of brain, spinal cord, and nervous system",0.508,0.066,3.934,0.516,0.7775847558554982
Persistent vomiting,0.826,0.462,1.475,0.517,0.7787825396825397
Malignant neoplasm of upper-inner quadrant of female breast,0.476,0.05,4.532,0.518,0.7799793732645776
"Temporomandibular joint disorders, unspecified",0.523,0.073,3.752,0.519,0.7811752577319587
"Sprain of tibiofibular (ligament), distal of ankle",0.529,0.076,3.681,0.52,0.7820602218700476
Open fracture of olecranon process of ulna,0.467,0.046,4.753,0.52,0.7820602218700476
Atherosclerosis of native arteries of the extremities with ulceration,0.897,0.643,1.25,0.521,0.7829437846397467
Contusion of elbow,0.534,0.079,3.619,0.521,0.7829437846397467
Other specified misadventures during medical care,0.651,0.176,2.418,0.522,0.7835160142348755
Injury of face and neck,0.611,0.136,2.754,0.522,0.7835160142348755
Submucous leiomyoma of uterus,0.48,0.051,4.537,0.522,0.7835160142348755
Coronary artery anomaly,0.586,0.114,3.016,0.523,0.7843966811536942
Other symptoms involving cardiovascular system,0.569,0.101,3.208,0.523,0.7843966811536942
Motor vehicle traffic accident of unspecified nature injuring unspecified person,1.355,0.533,3.445,0.524,0.7849660615627466
Other B-complex deficiencies,1.075,0.861,1.341,0.524,0.7849660615627466
"Other immunoproliferative neoplasms, without mention of having achieved remission",0.587,0.114,3.027,0.524,0.7849660615627466
Benign neoplasm of thyroid glands,0.571,0.102,3.206,0.525,0.7858438485804417
Poisoning by methadone,0.523,0.071,3.845,0.525,0.7858438485804417
"Optic neuritis, unspecified",0.584,0.111,3.072,0.526,0.7869756097560976
Embolism and thrombosis of thoracic aorta,1.411,0.486,4.097,0.527,0.7869756097560976
Family history of malignant neoplasm of kidney,1.323,0.556,3.148,0.527,0.7869756097560976
Congenital insufficiency of aortic valve,0.875,0.579,1.323,0.527,0.7869756097560976
Other ulcerative colitis,0.665,0.187,2.36,0.527,0.7869756097560976
Dermatitis due to other radiation,0.454,0.04,5.224,0.527,0.7869756097560976
Closed fracture of upper end of tibia alone,1.192,0.691,2.059,0.528,0.7878490566037737
"Scoliosis (and kyphoscoliosis), idiopathic",0.868,0.559,1.348,0.528,0.7878490566037737
"Personal history of transient ischemic attack (TIA), and cerebral infarction without residual deficits",0.969,0.878,1.069,0.529,0.7887211311861745
Infection with microorganisms resistant to cephalosporins and other B-lactam antibiotics,0.695,0.224,2.158,0.529,0.7887211311861745
Overexertion from sudden strenuous movement,0.568,0.097,3.336,0.531,0.7910816326530613
Malignant neoplasm of connective and other soft tissue of pelvis,0.477,0.047,4.835,0.531,0.7910816326530613
Attention to tracheostomy,0.8,0.398,1.609,0.532,0.791639357114857
Autonomic dysreflexia,0.626,0.144,2.716,0.532,0.791639357114857
"Hodgkin's disease, unspecified type, lymph nodes of multiple sites",0.537,0.076,3.786,0.532,0.791639357114857
"Alopecia, unspecified",0.545,0.081,3.675,0.533,0.7925060712886801
Chronic or unspecified parametritis and pelvic cellulitis,0.5,0.056,4.438,0.533,0.7925060712886801
Contact dermatitis and other eczema due to other specified agents,0.529,0.071,3.932,0.534,0.7936820673453406
"Complications affecting other specified body systems, not elsewhere classified, hypertension",0.504,0.058,4.382,0.535,0.794546165884194
Rheumatoid lung,0.479,0.047,4.885,0.535,0.794546165884194
Degenerative skin disorders,1.576,0.373,6.664,0.536,0.7950980851895272
Nonspecific (abnormal) findings on radiological and other examination of genitourinary organs,0.565,0.093,3.44,0.536,0.7950980851895272
Disturbances in tooth eruption,0.486,0.05,4.767,0.536,0.7950980851895272
Encounter for desensitization to allergens,0.58,0.103,3.275,0.537,0.795648711943794
Trans-sexualism with unspecified sexual history,0.559,0.088,3.548,0.537,0.795648711943794
"Trimalleolar fracture, open",0.532,0.072,3.94,0.537,0.795648711943794
"Chronic lymphoid leukemia, in relapse",1.645,0.336,8.064,0.539,0.7983004291845494
"Abrasion or friction burn of hand(s) except finger(s) alone, without mention of infection",0.558,0.087,3.596,0.54,0.7994695787831514
"Streptococcus infection in conditions classified elsewhere and of unspecified site, streptococcus, group G",0.573,0.096,3.433,0.542,0.8018051441932971
Functional urinary incontinence,0.496,0.052,4.731,0.542,0.8018051441932971
Hypertonicity of bladder,0.828,0.45,1.522,0.543,0.802658878504673
"Primary angle-closure glaucoma, unspecified",0.453,0.035,5.815,0.543,0.802658878504673
Other air leak,1.608,0.346,7.473,0.544,0.802886469673406
"Sleep disturbance, unspecified",0.711,0.236,2.141,0.544,0.802886469673406
Poisoning by other and unspecified agents primarily affecting the cardiovascular system,0.529,0.068,4.135,0.544,0.802886469673406
Polyp of corpus uteri,0.453,0.035,5.873,0.544,0.802886469673406
"Other malignant lymphomas, lymph nodes of multiple sites",1.24,0.617,2.491,0.546,0.8055250680139916
Personal history of unspecified circulatory disease,0.734,0.268,2.01,0.547,0.8057477687233218
"Arthropathy, unspecified, pelvic region and thigh",0.557,0.083,3.731,0.547,0.8057477687233218
"Injury to liver without mention of open wound into cavity, laceration, moderate",0.544,0.075,3.943,0.547,0.8057477687233218
"Closed fracture of mandible, ramus, unspecified",0.519,0.062,4.375,0.547,0.8057477687233218
Other ill-defined conditions,0.614,0.124,3.031,0.549,0.8080666925164793
Other specified diseases of nail,0.544,0.074,3.986,0.549,0.8080666925164793
Hidradenitis,1.319,0.532,3.268,0.55,0.8089112746997289
Family history of unspecified malignant neoplasm,0.778,0.341,1.774,0.55,0.8089112746997289
Other conditions of brain,1.12,0.771,1.628,0.552,0.8109102167182664
"Fitting and adjustment of nonvascular catheter, NEC",0.609,0.119,3.122,0.552,0.8109102167182664
Pigmentary retinal dystrophy,0.551,0.077,3.926,0.552,0.8109102167182664
Acquired absence of intestine (large) (small),1.071,0.854,1.343,0.553,0.8114371859296483
Aneurysm of artery of upper extremity,0.641,0.147,2.792,0.553,0.8114371859296483
Atherosclerosis of unspecified bypass graft of the extremities,0.566,0.087,3.697,0.553,0.8114371859296483
Antirheumatics (antiphlogistics) causing adverse effects in therapeutic use,0.639,0.145,2.812,0.554,0.8122765546543067
Parapharyngeal abscess,0.589,0.102,3.398,0.554,0.8122765546543067
Conjunctival hemorrhage,0.775,0.332,1.808,0.555,0.8131146275569279
Lens replaced by other means,0.745,0.28,1.98,0.555,0.8131146275569279
Infection with microorganisms with resistance to multiple drugs,1.418,0.444,4.528,0.556,0.8136376252891288
Fever presenting with conditions classified elsewhere,0.924,0.709,1.203,0.556,0.8136376252891288
"Deaf, nonspeaking, not elsewhere classifiable",0.631,0.136,2.928,0.556,0.8136376252891288
Personal history of malaria,0.511,0.054,4.814,0.557,0.8144730354391372
Foreign body accidentally left during a procedure,0.474,0.039,5.712,0.557,0.8144730354391372
Accidental fall from bed,0.889,0.599,1.318,0.558,0.8153071593533487
Transient global amnesia,0.61,0.117,3.184,0.558,0.8153071593533487
Unspecified disorder of biliary tract,0.512,0.054,4.851,0.559,0.8164540207772222
"Reticulosarcoma, intra-abdominal lymph nodes",0.588,0.098,3.514,0.56,0.8176000000000001
Embolism and thrombosis of abdominal aorta,1.493,0.384,5.797,0.563,0.8216639753940791
Accident involving animal being ridden injuring rider of animal,0.591,0.098,3.541,0.564,0.822490971955436
Traumatic compartment syndrome of upper extremity,0.501,0.048,5.243,0.564,0.822490971955436
Other specified diseases of blood and blood-forming organs,0.792,0.357,1.756,0.566,0.8250906298003071
Fibrinolysis-affecting drugs causing adverse effects in therapeutic use,1.363,0.471,3.943,0.567,0.825914044512663
"Anemia of mother, postpartum condition or complication",0.505,0.049,5.249,0.567,0.825914044512663
"Autoimmune disease, not elsewhere classified",0.617,0.118,3.236,0.568,0.8267361963190183
Benign carcinoid tumor of unknown primary site,0.527,0.059,4.742,0.568,0.8267361963190183
Portal vein thrombosis,0.925,0.706,1.211,0.569,0.8272401378782075
Common variable immunodeficiency,0.79,0.351,1.779,0.569,0.8272401378782075
"Second-degree perineal laceration, delivered, with or without mention of antepartum condition",0.482,0.039,5.938,0.569,0.8272401378782075
Impetigo,0.614,0.114,3.311,0.57,0.8280597014925373
Erythema nodosum,0.478,0.037,6.111,0.57,0.8280597014925373
Other seborrheic keratosis,0.759,0.292,1.971,0.571,0.8288780114722752
"Dermatomycosis, unspecified",0.753,0.282,2.011,0.571,0.8288780114722752
Estrogen receptor positive status (ER+),0.856,0.498,1.47,0.572,0.8296950706916315
"Periprosthetic fracture around internal prosthetic right hip joint, initial encounter",0.485,0.04,5.952,0.572,0.8296950706916315
Assault by other specified means,0.617,0.115,3.318,0.573,0.8308281130634071
"Open wound of mouth, unspecified site, without mention of complication",1.591,0.315,8.037,0.574,0.8316427480916029
Enlargement of lymph nodes,0.917,0.677,1.241,0.574,0.8316427480916029
Personal history of malignant neoplasm of bladder,0.938,0.751,1.173,0.575,0.8318216463414633
"Intervertebral disc disorder with myelopathy, lumbar region",0.619,0.116,3.308,0.575,0.8318216463414633
Stenosis of rectum and anus,0.558,0.073,4.288,0.575,0.8318216463414633
Other vitreous opacities,0.544,0.065,4.561,0.575,0.8318216463414633
Mitral valve insufficiency and aortic valve stenosis,1.118,0.757,1.65,0.576,0.832
Tension headache,0.784,0.334,1.84,0.576,0.832
"Sedative, hypnotic or anxiolytic abuse, unspecified",0.646,0.14,2.978,0.576,0.832
Pemphigus,0.529,0.057,4.935,0.576,0.832
Respiratory syncytial virus (RSV),0.69,0.188,2.538,0.577,0.8321778115501519
Personal history of unspecified malignant neoplasm,0.68,0.175,2.641,0.577,0.8321778115501519
Sprain of lumbar,0.608,0.106,3.499,0.577,0.8321778115501519
"Cocaine abuse, episodic",0.556,0.071,4.358,0.577,0.8321778115501519
Alcohol-induced psychotic disorder with hallucinations,0.563,0.074,4.274,0.578,0.8329870918754745
Family history of other neurological diseases,0.531,0.057,4.937,0.578,0.8329870918754745
"Acute gastritis, without mention of hemorrhage",1.576,0.316,7.86,0.579,0.8334789533560865
"Calculus of gallbladder and bile duct with acute cholecystitis, with obstruction",0.721,0.227,2.292,0.579,0.8334789533560865
Other acute sinusitis,0.563,0.074,4.279,0.579,0.8334789533560865
Other complications due to heart valve prosthesis,1.208,0.618,2.362,0.58,0.8336539189700871
"Other noninflammatory disorders of ovary, fallopian tube, and broad ligament",0.54,0.061,4.782,0.58,0.8336539189700871
Closed fracture of shaft of ulna (alone),0.539,0.06,4.821,0.58,0.8336539189700871
Genital tract and pelvic infection following abortion or ectopic and molar pregnancies,0.53,0.056,5.032,0.58,0.8336539189700871
Suicide and self-inflicted injury by hanging,1.869,0.201,17.35,0.582,0.8349478458049886
Acute glomerulonephritis with other specified pathological lesion in kidney,0.794,0.349,1.806,0.582,0.8349478458049886
Other hyperparathyroidism,0.651,0.141,3.006,0.582,0.8349478458049886
Insomnia due to mental disorder,0.609,0.105,3.548,0.582,0.8349478458049886
Fitting and adjustment of urinary devices,0.503,0.044,5.816,0.582,0.8349478458049886
Open fracture of shaft of fibula with tibia,0.603,0.099,3.662,0.583,0.8360664903664526
Contusion of shoulder region,1.382,0.435,4.389,0.584,0.8368682521706303
Pouchitis,0.572,0.077,4.227,0.584,0.8368682521706303
Foreign body in stomach,1.759,0.23,13.483,0.587,0.8398989822842066
Other amyloidosis,0.888,0.579,1.362,0.587,0.8398989822842066
Aseptic necrosis of head of humerus,0.562,0.07,4.502,0.587,0.8398989822842066
Asymptomatic postmenopausal status (age-related) (natural),0.535,0.056,5.124,0.587,0.8398989822842066
Other bipolar disorders,1.195,0.627,2.275,0.588,0.8403795180722892
Syringomyelia and syringobulbia,0.671,0.159,2.84,0.588,0.8403795180722892
"Injury to kidney without mention of open wound into cavity, laceration",0.611,0.103,3.628,0.588,0.8403795180722892
Other hemoptysis,1.232,0.576,2.635,0.59,0.8422865738999623
Toxic encephalopathy,1.056,0.867,1.285,0.59,0.8422865738999623
"Meningitis due to gram-negative bacteria, not elsewhere classified",0.622,0.11,3.509,0.59,0.8422865738999623
"Pain in joint, forearm",1.263,0.539,2.961,0.591,0.8430800450958286
Other hammer toe (acquired),0.567,0.072,4.487,0.591,0.8430800450958286
Malignant neoplasm of other parts of brain,1.27,0.529,3.049,0.592,0.8430816479400749
"Synovial cyst, unspecified",0.563,0.069,4.6,0.592,0.8430816479400749
"Injury to spleen without mention of open wound into cavity, unspecified injury",1.433,0.383,5.367,0.593,0.8430816479400749
Nonexudative senile macular degeneration,1.358,0.442,4.167,0.593,0.8430816479400749
Other digestive system complications,0.907,0.636,1.296,0.593,0.8430816479400749
"Closed fracture of condyle, femoral",0.606,0.096,3.808,0.593,0.8430816479400749
Acquired total absence of pancreas,0.584,0.081,4.202,0.593,0.8430816479400749
Meckel's diverticulum,0.576,0.076,4.37,0.593,0.8430816479400749
Malignant neoplasm of lower-inner quadrant of female breast,0.571,0.073,4.452,0.593,0.8430816479400749
Vaccination not carried out for other reason,1.306,0.489,3.486,0.595,0.8449756827534605
Plantar fascial fibromatosis,0.567,0.07,4.587,0.595,0.8449756827534605
Acute lymphadenitis,0.565,0.069,4.633,0.595,0.8449756827534605
"Closed fracture of multiple ribs, unspecified",1.199,0.612,2.348,0.596,0.8454469357249625
"Spondylosis with myelopathy, lumbar region",0.591,0.085,4.125,0.596,0.8454469357249625
Missed abortion,0.561,0.066,4.769,0.596,0.8454469357249625
Postprocedural hematoma of skin and subcutaneous tissue following other procedure,1.218,0.586,2.533,0.597,0.8462330097087378
Unspecified hemorrhoids without mention of complication,1.108,0.756,1.624,0.597,0.8462330097087378
"Osteoarthrosis, unspecified whether generalized or localized, site unspecified",1.041,0.897,1.208,0.598,0.8470179104477612
"Neoplasm of uncertain behavior of trachea, bronchus, and lung",0.646,0.127,3.277,0.598,0.8470179104477612
Iron deficiency anemia secondary to inadequate dietary iron intake,0.624,0.108,3.609,0.599,0.8476367696315593
Eosinophilic esophagitis,0.593,0.085,4.16,0.599,0.8476367696315593
"Other specified gastritis, with hemorrhage",1.28,0.509,3.22,0.6,0.8476367696315593
Family history of other lymphatic and hematopoietic neoplasms,0.834,0.423,1.645,0.6,0.8476367696315593
"Inguinal hernia, with obstruction, without mention of gangrene, unilateral or unspecified (not specified as recurrent)",0.767,0.285,2.063,0.6,0.8476367696315593
"Sensory hearing loss, bilateral",0.525,0.047,5.819,0.6,0.8476367696315593
"Stress incontinence, male",0.514,0.043,6.172,0.6,0.8476367696315593
"Antidepressant type abuse, unspecified",0.812,0.372,1.772,0.601,0.8481026022304833
Secondary malignant neoplasm of other respiratory organs,0.767,0.283,2.077,0.601,0.8481026022304833
"Open wound of upper arm, without mention of complication",0.609,0.095,3.909,0.601,0.8481026022304833
Esophageal varices with bleeding,1.502,0.326,6.927,0.602,0.8488826151560178
"Chronic or unspecified duodenal ulcer with perforation, without mention of obstruction",1.318,0.468,3.713,0.602,0.8488826151560178
"Stress incontinence, female",1.201,0.602,2.397,0.603,0.8499769773486817
Personal history of allergy to narcotic agent,1.328,0.455,3.878,0.604,0.8501238413051538
Redundant prepuce and phimosis,1.265,0.52,3.075,0.604,0.8501238413051538
Gastroesophageal laceration-hemorrhage syndrome,0.847,0.452,1.586,0.604,0.8501238413051538
Benign neoplasm of thymus,0.548,0.056,5.34,0.604,0.8501238413051538
"Secondary diabetes mellitus with renal manifestations, not stated as uncontrolled, or unspecified",1.48,0.335,6.533,0.605,0.8509003334568359
"Urinary obstruction, unspecified",0.808,0.36,1.813,0.605,0.8509003334568359
"Cystostomy, unspecified",0.573,0.069,4.736,0.606,0.8516756756756757
Balanoposthitis,0.533,0.049,5.806,0.606,0.8516756756756757
Dietary surveillance and counseling,0.597,0.084,4.265,0.607,0.8524498705142435
Encounter for radiotherapy,0.591,0.079,4.392,0.607,0.8524498705142435
"Early onset of delivery, delivered, with or without mention of antepartum condition",0.461,0.024,8.847,0.608,0.8535384615384615
"Chronic or unspecified gastric ulcer with hemorrhage, without mention of obstruction",0.882,0.546,1.426,0.609,0.8546262476894639
"Nodular lymphoma, unspecified site, extranodal and solid organ sites",1.216,0.573,2.584,0.61,0.8555352268535595
Atheroembolism of lower extremity,1.403,0.381,5.171,0.611,0.8555352268535595
"Dissection of aorta, unspecified site",1.369,0.408,4.589,0.611,0.8555352268535595
Cysticercosis,0.609,0.09,4.126,0.611,0.8555352268535595
Lack of adequate sleep,0.577,0.069,4.81,0.611,0.8555352268535595
Multiple closed pelvic fractures with disruption of pelvic circle,0.452,0.021,9.658,0.611,0.8555352268535595
Other ovarian hyperfunction,0.641,0.115,3.585,0.613,0.8577029119056395
"Calculus of gallbladder with other cholecystitis, with obstruction",0.57,0.064,5.054,0.613,0.8577029119056395
Scoliosis associated with other conditions,1.624,0.246,10.7,0.614,0.8583223924142961
"Osteoarthrosis, unspecified whether generalized or localized, other specified sites",1.283,0.485,3.398,0.615,0.8583223924142961
Secondary malignant neoplasm of adrenal gland,0.922,0.674,1.263,0.615,0.8583223924142961
Late effects of acute poliomyelitis,0.82,0.379,1.774,0.615,0.8583223924142961
Homicidal ideation,0.629,0.103,3.828,0.615,0.8583223924142961
"Car driver injured in collision with fixed or stationary object in traffic accident, initial encounter",1.486,0.316,6.998,0.616,0.8583223924142961
Other noninfectious disorders of lymphatic channels,0.808,0.351,1.857,0.616,0.8583223924142961
"Schizoaffective disorder, chronic with acute exacerbation",0.631,0.104,3.816,0.616,0.8583223924142961
"Neurosyphilis, unspecified",0.543,0.05,5.91,0.616,0.8583223924142961
Foot amputation status,0.865,0.49,1.527,0.617,0.8583223924142961
Intestinal bypass or anastomosis status,0.86,0.477,1.551,0.617,0.8583223924142961
"Subarachnoid hemorrhage following injury without mention of open intracranial wound, unspecified state of consciousness",0.816,0.369,1.809,0.617,0.8583223924142961
Transient retinal arterial occlusion,0.724,0.204,2.572,0.617,0.8583223924142961
Neurogenic bowel,0.682,0.152,3.063,0.617,0.8583223924142961
Methicillin susceptible pneumonia due to Staphylococcus aureus,0.895,0.58,1.382,0.618,0.8583223924142961
Nonspecific (abnormal) findings on radiological and other examination of skull and head,0.64,0.111,3.701,0.618,0.8583223924142961
"Infantile spasms, with intractable epilepsy",0.561,0.058,5.452,0.618,0.8583223924142961
Benign neoplasm of major salivary glands,0.609,0.086,4.29,0.619,0.8583223924142961
Other causes of myelitis,0.581,0.068,4.941,0.619,0.8583223924142961
Accidental poisoning by hormones and synthetic substitutes,0.48,0.027,8.69,0.619,0.8583223924142961
Family history of other blood disorders,1.532,0.284,8.272,0.62,0.8583223924142961
"Late effects of cerebrovascular disease, alterations of sensations",1.27,0.494,3.263,0.62,0.8583223924142961
Encounter for removal of internal fixation device,0.629,0.101,3.932,0.62,0.8583223924142961
"Combinations of opioid type drug with any other drug dependence, continuous",0.623,0.096,4.037,0.62,0.8583223924142961
Other open fractures of distal end of radius (alone),0.617,0.092,4.155,0.62,0.8583223924142961
Fourth or trochlear nerve palsy,0.601,0.081,4.494,0.62,0.8583223924142961
Closed dislocation of acromioclavicular (joint),0.596,0.077,4.598,0.62,0.8583223924142961
"Closed fracture of mandible, symphysis of body",0.587,0.071,4.83,0.62,0.8583223924142961
"Previous cesarean delivery, delivered, with or without mention of antepartum condition",0.48,0.026,8.742,0.62,0.8583223924142961
Closed fracture of shaft of fibula alone,0.709,0.181,2.78,0.622,0.8601500910746813
Displacement of thoracic intervertebral disc without myelopathy,0.623,0.095,4.089,0.622,0.8601500910746813
"Other specified drug dependence, unspecified",0.589,0.072,4.835,0.622,0.8601500910746813
Cellulitis and abscess of unspecified sites,0.549,0.05,5.981,0.623,0.8612192279679534
"Mineral deficiency, not elsewhere classified",0.777,0.283,2.133,0.624,0.8622875864579541
Family history of malignant neoplasm of other genital organs,1.251,0.509,3.071,0.625,0.8625393829401089
Unspecified circulatory system disorder,0.666,0.131,3.391,0.625,0.8625393829401089
Acute dystonia due to drugs,0.492,0.028,8.502,0.625,0.8625393829401089
"Cerebral artery occlusion, unspecified without mention of cerebral infarction",1.302,0.45,3.761,0.626,0.8625393829401089
"Conduction disorder, unspecified",0.74,0.22,2.491,0.626,0.8625393829401089
"Elderly multigravida, antepartum condition or complication",0.609,0.083,4.471,0.626,0.8625393829401089
"Closed fracture of base of skull without mention of intra cranial injury, with brief (less than one hour) loss of consciousness",0.603,0.079,4.622,0.626,0.8625393829401089
"Closed fracture of mandible, subcondylar",0.566,0.057,5.585,0.626,0.8625393829401089
"Fracture, cause unspecified",0.807,0.34,1.915,0.627,0.8632905331882481
Phlebitis and thrombophlebitis of unspecified site,0.551,0.05,6.076,0.627,0.8632905331882481
"Mild hyperemesis gravidarum, antepartum condition or complication",0.641,0.106,3.865,0.628,0.8643538796229151
"Thyrotoxicosis without mention of goiter or other cause, and without mention of thyrotoxic crisis or storm",0.906,0.607,1.352,0.629,0.8651028985507246
Malignant neoplasm of fallopian tube,0.576,0.061,5.417,0.629,0.8651028985507246
"Elderly multigravida, delivered with or without mention of antepartum condition",0.575,0.06,5.48,0.63,0.8656581134803035
Chronic salpingitis and oophoritis,0.55,0.049,6.244,0.63,0.8656581134803035
Personal history of sudden cardiac arrest,1.083,0.784,1.496,0.631,0.8656581134803035
"Open wound of hand except finger(s) alone, without mention of complication",0.778,0.279,2.169,0.631,0.8656581134803035
"Epilepsy, unspecified, with intractable epilepsy",0.768,0.261,2.257,0.631,0.8656581134803035
"Torsion of ovary, ovarian pedicle, or fallopian tube",0.625,0.092,4.264,0.631,0.8656581134803035
Infection of tracheostomy,0.557,0.051,6.074,0.631,0.8656581134803035
Other (abnormal) findings on radiological examination of breast,1.477,0.299,7.288,0.632,0.8657784193431973
Volvulus,1.172,0.612,2.246,0.632,0.8657784193431973
Kidney replaced by transplant,0.939,0.727,1.214,0.632,0.8657784193431973
Other injury of other sites of trunk,0.585,0.065,5.249,0.632,0.8657784193431973
Retropharyngeal abscess,0.622,0.089,4.352,0.633,0.8665228993869456
Other chronic postoperative pain,0.582,0.063,5.371,0.633,0.8665228993869456
"Polyarticular juvenile rheumatoid arthritis, chronic or unspecified",0.69,0.149,3.194,0.635,0.8689473684210527
"Bipolar I disorder, single manic episode, unspecified",0.656,0.115,3.745,0.636,0.8690626349892009
"Paroxysmal tachycardia, unspecified",0.631,0.094,4.241,0.636,0.8690626349892009
"Osteoarthrosis, unspecified whether generalized or localized, hand",0.627,0.091,4.334,0.636,0.8690626349892009
"Reticulosarcoma, lymph nodes of head, face, and neck",0.491,0.026,9.4,0.636,0.8690626349892009
Unspecified nutritional deficiency,0.661,0.119,3.684,0.637,0.869490111470694
Ulcerative (chronic) proctosigmoiditis,0.623,0.087,4.446,0.637,0.869490111470694
Unspecified extrapyramidal disease and abnormal movement disorder,0.513,0.032,8.172,0.637,0.869490111470694
Mobitz (type) II atrioventricular block,1.112,0.715,1.728,0.638,0.8702292490118577
Alkalosis,1.047,0.865,1.268,0.638,0.8702292490118577
"Intracranial injury of other and unspecified nature without mention of open intracranial wound, with brief (less than one hour) loss of consciousness",0.577,0.058,5.728,0.639,0.8712801724137931
Malignant neoplasm of tonsil,1.415,0.331,6.05,0.64,0.8720172290021536
Chronic venous embolism and thrombosis of deep vessels of distal lower extremity,1.299,0.435,3.874,0.64,0.8720172290021536
"Hyperplasia of prostate, unspecified, without urinary obstruction and other lower urinary symptoms (LUTS)",0.632,0.092,4.346,0.641,0.8721275985663083
Other motor vehicle traffic accident involving collision on the highway injuring passenger in motor vehicle other than motorcycle,0.617,0.081,4.698,0.641,0.8721275985663083
Gamma globulin causing adverse effects in therapeutic use,0.609,0.076,4.903,0.641,0.8721275985663083
"Other forms of epilepsy and recurrent seizures, with intractable epilepsy",0.523,0.034,7.957,0.641,0.8721275985663083
Intestinal or peritoneal adhesions with obstruction (postoperative) (postinfection),0.91,0.612,1.354,0.642,0.8728624641833811
Acute paranoid reaction,0.576,0.056,5.887,0.642,0.8728624641833811
Closed fracture of six ribs,1.32,0.407,4.28,0.643,0.8735962777380101
"Disruption of wound, unspecified",1.318,0.41,4.237,0.643,0.8735962777380101
Closed fracture of eight or more ribs,1.221,0.524,2.844,0.644,0.8737040743388135
Other and unspecified infection due to central venous catheter,1.098,0.739,1.629,0.644,0.8737040743388135
"Calculus of gallbladder with other cholecystitis, without mention of obstruction",0.903,0.585,1.394,0.644,0.8737040743388135
Anti-parkinsonism drugs causing adverse effects in therapeutic use,0.645,0.1,4.155,0.644,0.8737040743388135
"Major depressive affective disorder, recurrent episode, moderate",0.646,0.1,4.181,0.646,0.8757914285714286
Allergic rhinitis due to pollen,0.593,0.064,5.513,0.646,0.8757914285714286
Calculus in diverticulum of bladder,0.557,0.045,6.829,0.647,0.876833987861478
Endometriosis of uterus,0.625,0.083,4.708,0.648,0.8775626114876918
"Other specified complication of other internal prosthetic devices, implants and grafts, initial encounter",0.561,0.047,6.709,0.648,0.8775626114876918
Other motor vehicle traffic accident involving collision with motor vehicle injuring motorcyclist,1.234,0.499,3.053,0.649,0.877977191732003
"Other mechanical complication of genitourinary device, implant, and graft",0.77,0.251,2.368,0.649,0.877977191732003
Congenital hemiplegia,0.628,0.085,4.661,0.649,0.877977191732003
Unspecified viral hepatitis C with hepatic coma,1.149,0.63,2.097,0.65,0.8787037037037038
Polyclonal hypergammaglobulinemia,0.599,0.065,5.486,0.65,0.8787037037037038
Gangrene,1.107,0.712,1.723,0.651,0.879742257030972
Amyotrophic lateral sclerosis,1.193,0.555,2.562,0.652,0.8807800711743773
Eye globe replaced by other means,1.403,0.32,6.158,0.654,0.882226012793177
Low bladder compliance,0.73,0.184,2.888,0.654,0.882226012793177
"Conductive hearing loss, unspecified",0.643,0.093,4.438,0.654,0.882226012793177
Transient alteration of awareness,0.585,0.056,6.092,0.654,0.882226012793177
Family history of other specified malignant neoplasm,1.105,0.712,1.716,0.655,0.8826340078097267
Traumatic spondylopathy,0.595,0.061,5.791,0.655,0.8826340078097267
Accidental poisoning by heroin,0.493,0.022,11.034,0.655,0.8826340078097267
Residual foreign body in soft tissue,1.48,0.264,8.293,0.656,0.8830411347517731
Unspecified paranoid state,0.637,0.088,4.632,0.656,0.8830411347517731
Unspecified menopausal and postmenopausal disorder,0.547,0.038,7.794,0.656,0.8830411347517731
Non-healing surgical wound,0.841,0.392,1.804,0.657,0.8831345609065157
"Pain in joint, multiple sites",0.747,0.206,2.706,0.657,0.8831345609065157
"Aromatic analgesics, not elsewhere classified, causing adverse effects in therapeutic use",0.635,0.086,4.715,0.657,0.8831345609065157
Presbyopia,0.632,0.083,4.804,0.657,0.8831345609065157
"Opioid abuse, in remission (2)",0.639,0.088,4.63,0.658,0.88385279547063
Sialolithiasis,0.603,0.064,5.644,0.658,0.88385279547063
Superficial injury of eyelids and periocular area,0.606,0.065,5.606,0.659,0.8845700141442716
Hormone replacement therapy (postmenopausal),0.571,0.047,6.896,0.659,0.8845700141442716
"Osteoarthrosis involving, or with mention of more than one site, but not specified as generalized, site unspecified",0.695,0.136,3.539,0.661,0.886627561837456
Nonpyogenic meningitis,0.684,0.125,3.734,0.661,0.886627561837456
"Poisoning by aromatic analgesics, not elsewhere classified",1.387,0.32,6.013,0.662,0.8876552454962912
Nephrogenic diabetes insipidus,0.731,0.179,2.989,0.663,0.8886822033898306
Gas gangrene,1.367,0.333,5.609,0.664,0.8892493844530426
Unspecified visual loss,0.838,0.378,1.86,0.664,0.8892493844530426
Closed fracture of shaft of clavicle,0.839,0.379,1.859,0.665,0.8892493844530426
Nontraumatic compartment syndrome of lower extremity,0.746,0.198,2.806,0.665,0.8892493844530426
Qualitative platelet defects,0.655,0.097,4.44,0.665,0.8892493844530426
"Exotropia, unspecified",0.615,0.068,5.566,0.665,0.8892493844530426
Traumatic pneumohemothorax without mention of open wound into thorax,1.171,0.572,2.399,0.666,0.8892493844530426
Calculus of ureter,0.908,0.587,1.405,0.666,0.8892493844530426
Onychia and paronychia of finger,0.64,0.084,4.866,0.666,0.8892493844530426
"Open wound of abdominal wall, lateral, without mention of complication",0.598,0.058,6.18,0.666,0.8892493844530426
"Open wound of chest (wall), without mention of complication",0.524,0.028,9.862,0.666,0.8892493844530426
Closed fracture of unspecified part of lower end of humerus,1.268,0.43,3.738,0.667,0.8899585237258348
Accidents caused by other specified machinery,0.599,0.058,6.199,0.667,0.8899585237258348
Regional enteritis of small intestine with large intestine,1.155,0.598,2.23,0.668,0.8900414180414181
"Calculus of bile duct with other cholecystitis, without mention of obstruction",0.715,0.154,3.31,0.668,0.8900414180414181
Onychia and paronychia of toe,0.576,0.046,7.206,0.668,0.8900414180414181
"Disorders of soft tissue, unspecified",0.549,0.035,8.513,0.668,0.8900414180414181
"Calculus of gallbladder and bile duct with acute and chronic cholecystitis, without mention of obstruction",0.629,0.075,5.268,0.669,0.891061052631579
Irritable bowel syndrome,1.06,0.811,1.387,0.67,0.8917671809256663
Accidental fall from scaffolding,0.595,0.054,6.506,0.67,0.8917671809256663
Aneurysm of artery of neck,0.715,0.152,3.36,0.671,0.8919272727272729
Nonspecific (abnormal) findings on radiological and other examination of musculoskeletal system,1.527,0.215,10.862,0.672,0.8919272727272729
Primary open angle glaucoma,1.319,0.367,4.742,0.672,0.8919272727272729
"Migraine with aura, without mention of intractable migraine without mention of status migrainosus",1.164,0.577,2.348,0.672,0.8919272727272729
"Pressure ulcer, buttock",0.932,0.674,1.29,0.672,0.8919272727272729
Other specified open wounds of ocular adnexa,0.693,0.127,3.786,0.672,0.8919272727272729
Other allied disorders of spine,0.663,0.099,4.438,0.672,0.8919272727272729
Bulimia nervosa,0.648,0.086,4.854,0.672,0.8919272727272729
Unspecified persistent mental disorders due to conditions classified elsewhere,1.136,0.629,2.051,0.673,0.8926303284416494
Other degenerative diseases of the basal ganglia,0.848,0.394,1.825,0.673,0.8926303284416494
Extravasation of other vesicant agent,0.576,0.044,7.521,0.674,0.8936444289207125
Down's syndrome,1.152,0.592,2.243,0.676,0.8956705061082024
Other venous embolism and thrombosis of renal vein,0.709,0.141,3.561,0.676,0.8956705061082024
Other specified aplastic anemias,1.128,0.641,1.983,0.677,0.8960571827057183
Malignant neoplasm of lower-outer quadrant of female breast,0.645,0.082,5.08,0.677,0.8960571827057183
Other specified congenital anomalies of heart,0.641,0.079,5.185,0.677,0.8960571827057183
Nonspecific (abnormal) findings on radiological and other examination of gastrointestinal tract,0.647,0.083,5.037,0.678,0.8967554006968641
"Other complications of puerperium, postpartum condition or complication",0.645,0.081,5.114,0.678,0.8967554006968641
"Diabetes mellitus without mention of complication, type I (juvenile type), uncontrolled",0.793,0.264,2.379,0.679,0.8971402714932127
Acetonuria,0.645,0.08,5.167,0.679,0.8971402714932127
Malignant neoplasm of urethra,0.607,0.057,6.437,0.679,0.8971402714932127
Closed fracture of sacrum and coccyx without mention of spinal cord injury,1.124,0.646,1.955,0.68,0.8972123740006952
Antidepressants causing adverse effects in therapeutic use,0.809,0.295,2.216,0.68,0.8972123740006952
Disseminated due to other mycobacteria,0.652,0.085,4.977,0.68,0.8972123740006952
Other nonspecific abnormal results of function study of brain and central nervous system,0.617,0.062,6.154,0.68,0.8972123740006952
Drug induced sleep disorders,0.671,0.1,4.506,0.681,0.8975958333333334
Unspecified disease of the jaws,0.609,0.057,6.461,0.681,0.8975958333333334
Unspecified vitamin deficiency,0.574,0.041,8.109,0.681,0.8975958333333334
"Recurrent dislocation of joint, shoulder region",0.641,0.076,5.407,0.683,0.8992951786333682
"Salpingitis and oophoritis not specified as acute, subacute, or chronic",0.639,0.075,5.473,0.683,0.8992951786333682
"First-degree perineal laceration, delivered, with or without mention of antepartum condition",0.546,0.03,9.974,0.683,0.8992951786333682
Poisoning by antineoplastic and immunosuppressive drugs,1.338,0.329,5.432,0.684,0.8999875216637783
Struck accidentally by falling object,1.213,0.48,3.065,0.684,0.8999875216637783
"Malignant melanoma of skin of lower limb, including hip",1.296,0.371,4.529,0.685,0.9006789054381712
"Other specified types of schizophrenia, unspecified",0.603,0.053,6.906,0.685,0.9006789054381712
Unspecified disorder of intestine,1.186,0.519,2.714,0.686,0.9013693319487713
Klinefelter's syndrome,0.659,0.087,4.98,0.686,0.9013693319487713
Other specified peripheral vascular diseases,1.23,0.449,3.368,0.687,0.9023709342560554
Allergy to latex,0.65,0.079,5.329,0.688,0.9033718436527153
Universal ulcerative (chronic) colitis,1.157,0.567,2.361,0.689,0.9037470628887353
Prophylactic breast removal,0.679,0.102,4.528,0.689,0.9037470628887353
Mechanical loosening of prosthetic joint,0.671,0.095,4.758,0.689,0.9037470628887353
Refusal of treatment for reasons of religion or conscience,1.36,0.3,6.17,0.69,0.9038095238095237
"Malignant neoplasm of connective and other soft tissue, site unspecified",0.666,0.09,4.918,0.69,0.9038095238095237
"Amblyopia, unspecified",0.634,0.068,5.94,0.69,0.9038095238095237
Other nonspecific (abnormal) findings on radiological and other examinations of body structure,0.609,0.053,6.97,0.69,0.9038095238095237
Dog bite,0.669,0.091,4.893,0.692,0.906116591928251
Monoplegia of upper limb affecting nondominant sde,1.267,0.391,4.1,0.693,0.9064879393521709
Celiac disease,0.914,0.584,1.43,0.693,0.9064879393521709
Other specific developmental learning difficulties,0.63,0.064,6.237,0.693,0.9064879393521709
"Acute lymphoid leukemia, in relapse",0.652,0.077,5.528,0.695,0.9081652323580035
"Aftercare following surgery of the teeth, oral cavity and digestive system, NEC",0.648,0.074,5.696,0.695,0.9081652323580035
Other motor vehicle traffic accident involving collision on the highway injuring motorcyclist,0.583,0.04,8.619,0.695,0.9081652323580035
Malignant neoplasm of ampulla of vater,1.22,0.451,3.3,0.696,0.9091589814177563
Accident caused by unspecified firearm missile,1.477,0.207,10.515,0.697,0.9092137457044673
"Dysplasia of cervix, unspecified",0.637,0.065,6.193,0.697,0.9092137457044673
"Poisoning by tranquilizers and other psychotropic agents, undetermined whether accidentally or purposely inflicted",0.607,0.049,7.477,0.697,0.9092137457044673
Poisoning by propionic acid derivatives,0.603,0.047,7.696,0.697,0.9092137457044673
Squamous cell carcinoma of skin of other and unspecified parts of face,1.411,0.247,8.049,0.698,0.9102054276880797
Postprocedural hematoma of a digestive system organ or structure following a digestive system procedure,0.656,0.078,5.539,0.699,0.9111964285714286
Polymyositis,1.232,0.424,3.583,0.701,0.9131763898421413
"Benign neoplasm of pancreas, except islets of Langerhans",1.216,0.448,3.299,0.701,0.9131763898421413
Other symptoms involving urinary system,1.244,0.406,3.813,0.702,0.9135385670209117
Bite of nonvenomous arthropod,0.683,0.097,4.811,0.702,0.9135385670209117
Other dyschromia,0.646,0.069,6.053,0.702,0.9135385670209117
Motor vehicle traffic accident of unspecified nature injuring motorcyclist,0.66,0.078,5.566,0.703,0.9145263879369431
"Chronic gastric ulcer without mention of hemorrhage or perforation, without mention of obstruction",0.72,0.132,3.927,0.704,0.9152
"Unspecified osteomyelitis, lower leg",0.661,0.078,5.602,0.704,0.9152
Other and unspecified open wound of head without mention of complication,1.128,0.604,2.11,0.705,0.9152462380300956
Mechanical complication of gastrostomy,1.127,0.606,2.097,0.705,0.9152462380300956
Empyema without mention of fistula,0.92,0.597,1.418,0.705,0.9152462380300956
Family disruption due to death of family member,0.662,0.079,5.574,0.705,0.9152462380300956
Adjustment disorder with anxiety,1.189,0.484,2.92,0.706,0.9159179767600819
"Pyogenic arthritis, lower leg",1.143,0.571,2.286,0.706,0.9159179767600819
"Pain in joint, site unspecified",0.755,0.175,3.265,0.707,0.9162758620689655
Other unspecified secondary hypertension,0.659,0.075,5.777,0.707,0.9162758620689655
Poisoning by other sedatives and hypnotics,0.567,0.029,10.953,0.707,0.9162758620689655
"Inguinal hernia, without mention of obstruction or gangrene, unilateral or unspecified, recurrent",0.695,0.104,4.657,0.708,0.9166330150068212
"Mental disorders of mother, antepartum condition or complication",0.651,0.068,6.181,0.708,0.9166330150068212
Poisoning by tricyclic antidepressants,0.554,0.025,12.245,0.708,0.9166330150068212
Circumscribed scleroderma,0.725,0.132,3.971,0.71,0.9179700272479564
Open fracture of middle or proximal phalanx or phalanges of hand,0.627,0.054,7.337,0.71,0.9179700272479564
Other disorders of eating,0.624,0.052,7.498,0.71,0.9179700272479564
Serous retinal detachment,0.614,0.047,8.035,0.71,0.9179700272479564
Other adrenal hypofunction,1.18,0.491,2.837,0.712,0.919929203539823
Nephrotic syndrome with unspecified pathological lesion in kidney,0.839,0.332,2.125,0.712,0.919929203539823
Malignant neoplasm of other and unspecified testis,0.69,0.096,4.977,0.713,0.920359443879281
Unspecified contusion of eye,0.653,0.067,6.335,0.713,0.920359443879281
Hydroureter,0.837,0.324,2.164,0.714,0.920359443879281
Other abscess of vulva,0.692,0.097,4.943,0.714,0.920359443879281
Striking against or struck accidentally by furniture without subsequent fall,0.664,0.074,5.969,0.714,0.920359443879281
Contusion of unspecified part of upper limb,0.653,0.067,6.38,0.714,0.920359443879281
"Other and unspecified alcohol dependence, episodic",1.247,0.381,4.088,0.715,0.920359443879281
"Cardiac complications, not elsewhere classified",0.958,0.761,1.206,0.715,0.920359443879281
Rectocele,0.693,0.096,4.984,0.715,0.920359443879281
"Nodular lymphoma, intra-abdominal lymph nodes",0.615,0.045,8.384,0.715,0.920359443879281
Congenital diplegia,0.56,0.025,12.571,0.715,0.920359443879281
Other kyphosis (acquired),0.678,0.084,5.485,0.716,0.9213342372881355
Acquired absence of uterus with remaining cervical stump,0.657,0.068,6.361,0.717,0.9223083700440529
Idiopathic normal pressure hydrocephalus (INPH),1.117,0.613,2.037,0.718,0.9229691838807992
"Migraine without aura, without mention of intractable migraine without mention of status migrainosus",0.663,0.071,6.198,0.718,0.9229691838807992
Splenomegaly,0.919,0.58,1.457,0.72,0.9246008119079837
"Abnormality in fetal heart rate or rhythm, delivered, with or without mention of antepartum condition",0.612,0.042,8.959,0.72,0.9246008119079837
Postprocedural hematoma of a circulatory system organ or structure following a cardiac catheterization,0.595,0.035,10.09,0.72,0.9246008119079837
"Epilepsy, unspecified, without mention of intractable epilepsy",1.025,0.896,1.173,0.721,0.9249462656302805
Other specified megaloblastic anemias not elsewhere classified,0.713,0.112,4.544,0.721,0.9249462656302805
Other inflammatory disorders of penis,0.609,0.04,9.211,0.721,0.9249462656302805
"Diabetes with other specified manifestations, type II or unspecified type, not stated as uncontrolled",1.03,0.877,1.208,0.722,0.9252910195813638
Secondary hypercoagulable state,0.857,0.365,2.011,0.722,0.9252910195813638
Other motor vehicle traffic accident involving collision with motor vehicle injuring unspecified person,0.642,0.056,7.359,0.722,0.9252910195813638
Diverticulitis of small intestine (without mention of hemorrhage),0.665,0.069,6.39,0.724,0.9275410057374283
Sinoatrial node dysfunction,1.032,0.866,1.231,0.725,0.9281956155143338
Unspecified immunity deficiency,0.643,0.055,7.546,0.725,0.9281956155143338
Contusion of hand(s),1.24,0.372,4.139,0.726,0.9288493427704752
Infection with microorganisms resistant to macrolides,0.773,0.183,3.271,0.726,0.9288493427704752
Antiasthmatics causing adverse effects in therapeutic use,0.701,0.095,5.157,0.727,0.9291892255892257
Anomalies of spleen,0.676,0.075,6.094,0.727,0.9291892255892257
Shoulder and upper arm injury,0.673,0.073,6.206,0.727,0.9291892255892257
"Osteoarthrosis, unspecified whether generalized or localized, ankle and foot",0.669,0.07,6.412,0.728,0.9295284224688867
Other specified disorders involving the immune mechanism,0.633,0.048,8.315,0.728,0.9295284224688867
"Twin pregnancy, delivered, with or without mention of antepartum condition",0.615,0.04,9.553,0.728,0.9295284224688867
"Catatonic type schizophrenia, unspecified",0.749,0.146,3.846,0.729,0.929866935483871
"Open wound of finger(s), complicated",0.696,0.089,5.436,0.729,0.929866935483871
Lesion of radial nerve,0.637,0.05,8.179,0.729,0.929866935483871
Periapical abscess without sinus,0.882,0.431,1.805,0.73,0.9299182305630027
"Acute duodenal ulcer with hemorrhage, without mention of obstruction",1.333,0.259,6.871,0.731,0.9299182305630027
"Fracture of calcaneus, closed",0.839,0.307,2.29,0.731,0.9299182305630027
Other venous embolism and thrombosis of unspecified site,0.792,0.209,3.002,0.731,0.9299182305630027
Undifferentiated somatoform disorder,0.706,0.097,5.124,0.731,0.9299182305630027
Hydrops of gallbladder,0.7,0.092,5.351,0.731,0.9299182305630027
"Anemia of mother, antepartum condition or complication",0.68,0.075,6.14,0.731,0.9299182305630027
Other organic insomnia,0.588,0.029,12.024,0.731,0.9299182305630027
"Leukemic reticuloendotheliosis, unspecified site, extranodal and solid organ sites",0.695,0.086,5.591,0.732,0.9302551054569802
"Neoplasm of uncertain behavior of stomach, intestines, and rectum",0.695,0.086,5.597,0.732,0.9302551054569802
Tourette's disorder,0.655,0.058,7.363,0.732,0.9302551054569802
Other malignant secondary hypertension,0.631,0.045,8.861,0.733,0.9312141900937082
Other motor vehicle traffic accident involving collision on the highway injuring driver of motor vehicle other than motorcycle,1.146,0.522,2.515,0.734,0.9321726329876213
Other specified peritonitis,1.139,0.535,2.426,0.735,0.9328184553660983
"Enthesopathy of knee, unspecified",0.638,0.047,8.595,0.735,0.9328184553660983
Postgastric surgery syndromes,0.646,0.051,8.193,0.736,0.9337754010695187
"Synovitis and tenosynovitis, unspecified",0.701,0.088,5.601,0.737,0.9347317073170731
"Late effects of cerebrovascular disease, other paralytic syndrome affecting unspecified side",0.627,0.041,9.687,0.738,0.9353931310436812
Malnutrition of mild degree,1.109,0.602,2.044,0.739,0.9353931310436812
Aftercare following explantation of joint prosthesis,0.707,0.092,5.419,0.739,0.9353931310436812
"Closed fracture of mandible, condylar process",0.696,0.082,5.909,0.739,0.9353931310436812
Other specified disorders of breast,0.678,0.069,6.707,0.739,0.9353931310436812
Adult physical abuse,0.603,0.031,11.803,0.739,0.9353931310436812
Intermediate coronary syndrome,0.96,0.755,1.221,0.74,0.9360346551149616
Alpha thalassemia,0.684,0.072,6.487,0.74,0.9360346551149616
Pruritus of genital organs,0.665,0.059,7.456,0.741,0.9366753246753247
"Bipolar I disorder, most recent episode (or current) depressed, severe, specified as with psychotic behavior",0.611,0.033,11.331,0.741,0.9366753246753247
"Bacterial enteritis, unspecified",0.71,0.093,5.45,0.742,0.9373151414309483
"Thyroid dysfunction of mother, antepartum condition or complication",0.661,0.056,7.775,0.742,0.9373151414309483
"Open wound of shoulder region, without mention of complication",0.688,0.074,6.418,0.743,0.9379541070834719
"Other myeloid leukemia, without mention of having achieved remission",0.654,0.052,8.271,0.743,0.9379541070834719
Lung involvement in systemic sclerosis,0.829,0.268,2.558,0.744,0.9382803986710964
Hemorrhage into bladder wall,0.677,0.065,7.069,0.744,0.9382803986710964
"Fracture of other specified skull and facial bones, right side, initial encounter for closed fracture",0.529,0.012,24.174,0.744,0.9382803986710964
"Other and unspecified cerebral laceration and contusion, without mention of open intracranial wound, unspecified state of consciousness",1.241,0.337,4.574,0.745,0.9382946250829464
Cardiac rhythm regulators causing adverse effects in therapeutic use,1.108,0.596,2.058,0.745,0.9382946250829464
Tenosynovitis of foot and ankle,0.677,0.064,7.122,0.745,0.9382946250829464
Abscess of eyelid,0.644,0.046,9.106,0.745,0.9382946250829464
"Cannabis abuse, in remission",0.647,0.046,9.002,0.746,0.9389310344827586
Achilles bursitis or tendinitis,0.625,0.036,10.753,0.746,0.9389310344827586
Injury to median nerve,0.645,0.045,9.178,0.747,0.9398780245276765
Gangrene of gallbladder in cholecystitis,0.689,0.071,6.689,0.748,0.9405127525670751
Meralgia paresthetica,0.543,0.013,22.464,0.748,0.9405127525670751
"Subarachnoid hemorrhage following injury without mention of open intracranial wound, with no loss of consciousness",1.057,0.751,1.489,0.749,0.9408352084712112
Other ehrlichiosis,0.695,0.075,6.464,0.749,0.9408352084712112
Carrier or suspected carrier of group B streptococcus,0.626,0.036,11.024,0.749,0.9408352084712112
Myasthenia gravis with (acute) exacerbation,0.819,0.241,2.79,0.75,0.9411570247933885
Other dysfunctions of sleep stages or arousal from sleep,0.704,0.081,6.111,0.75,0.9411570247933885
Acute pericarditis in diseases classified elsewhere,0.63,0.037,10.723,0.75,0.9411570247933885
"Pressure ulcer, elbow",0.78,0.168,3.62,0.751,0.9417892302609845
Peyronie's disease,0.68,0.063,7.389,0.751,0.9417892302609845
"Acute gastric ulcer with hemorrhage, without mention of obstruction",0.758,0.136,4.236,0.752,0.9421095709570957
Other disorders of middle ear and mastoid,0.7,0.077,6.389,0.752,0.9421095709570957
"Contracture of joint, ankle and foot",0.686,0.067,7.061,0.752,0.9421095709570957
"Other tear of cartilage or meniscus of knee, current",0.71,0.084,5.994,0.753,0.9427401055408972
Nonspecific (abnormal) findings on radiological and other examination of biliary tract,0.704,0.079,6.29,0.753,0.9427401055408972
Strongyloidiasis,0.664,0.051,8.581,0.754,0.9433698088332234
Secondary neuroendocrine tumor of distant lymph nodes,0.639,0.038,10.607,0.754,0.9433698088332234
Other specified inflammatory polyarthropathies,0.749,0.122,4.59,0.755,0.9433846153846154
"Chronic peptic ulcer of unspecified site without mention of hemorrhage or perforation, without mention of obstruction",0.722,0.094,5.564,0.755,0.9433846153846154
Other dysphagia,0.925,0.566,1.512,0.756,0.9433846153846154
Feeding difficulties and mismanagement,0.765,0.141,4.146,0.756,0.9433846153846154
"Closed dislocation of hip, unspecified site",0.733,0.103,5.226,0.756,0.9433846153846154
Malignant neoplasm of posterior wall of urinary bladder,0.697,0.072,6.765,0.756,0.9433846153846154
External thrombosed hemorrhoids,0.682,0.061,7.637,0.756,0.9433846153846154
"Intervertebral disc disorder with myelopathy, thoracic region",0.67,0.053,8.432,0.756,0.9433846153846154
Other hyperalimentation,0.746,0.116,4.802,0.757,0.944011826544021
Other overexertion and strenuous and repetitive movements or loads,0.728,0.098,5.412,0.757,0.944011826544021
Other specified episodic mood disorder,0.723,0.092,5.675,0.758,0.9449484400656815
Subclavian steal syndrome,1.172,0.425,3.228,0.759,0.9455740072202166
Antisocial personality disorder,0.685,0.061,7.712,0.759,0.9455740072202166
Staphylococcal meningitis,1.362,0.188,9.876,0.76,0.9458885245901638
Incisional ventral hernia with obstruction,0.892,0.429,1.855,0.76,0.9458885245901638
Pelvic congestion syndrome,0.545,0.011,26.823,0.76,0.9458885245901638
Postconcussion syndrome,1.189,0.389,3.639,0.761,0.9458925998690242
"Osteoarthrosis, unspecified whether generalized or localized, shoulder region",0.863,0.334,2.231,0.761,0.9458925998690242
Candidiasis of lung,0.789,0.172,3.632,0.761,0.9458925998690242
"Transient hypertension of pregnancy, antepartum condition or complication",0.716,0.084,6.137,0.761,0.9458925998690242
Broad ligament laceration syndrome,0.718,0.084,6.112,0.762,0.9465157068062827
"Open wound of back, without mention of complication",0.652,0.041,10.383,0.762,0.9465157068062827
"Backache, unspecified",1.029,0.852,1.243,0.763,0.947447824664704
"Pressure ulcer, unspecified site",1.194,0.376,3.788,0.764,0.9480693036940177
Open fracture of distal phalanx or phalanges of hand,0.685,0.058,8.055,0.764,0.9480693036940177
History of fall,0.977,0.842,1.135,0.765,0.9490000000000001
Dieulafoy lesion (hemorrhagic) of stomach and duodenum,1.152,0.453,2.93,0.766,0.9496190476190477
"Cerebrovascular disorders in the puerperium, postpartum condition or complication",0.637,0.033,12.354,0.766,0.9496190476190477
Closed fracture of seventh cervical vertebra,1.089,0.621,1.909,0.767,0.9496190476190477
Periorbital cellulitis,0.738,0.099,5.495,0.767,0.9496190476190477
"Post-traumatic headache, unspecified",0.708,0.072,6.946,0.767,0.9496190476190477
Senile nuclear sclerosis,0.626,0.028,13.817,0.767,0.9496190476190477
Atherosclerosis of nonautologous biological bypass graft of the extremities,0.657,0.04,10.68,0.768,0.9505471144440821
Hernia of other specified sites without mention of obstruction or gangrene,1.246,0.287,5.406,0.769,0.9511645487129359
Aneurysm of renal artery,0.765,0.128,4.57,0.769,0.9511645487129359
Cryptogenic organizing pneumonia,1.185,0.378,3.713,0.77,0.9514713541666666
Other orthopedic aftercare,1.133,0.49,2.619,0.77,0.9514713541666666
"Other specified complications of pregnancy, delivered, with or without mention of antepartum condition",0.696,0.061,7.922,0.77,0.9514713541666666
"Traumatic amputation of other finger(s) (complete) (partial), without mention of complication",0.714,0.074,6.897,0.771,0.9523970061828831
Erysipelas,1.234,0.298,5.11,0.772,0.9526974025974027
Disorders of sacrum,0.73,0.087,6.102,0.772,0.9526974025974027
"Schizoaffective disorder, chronic",1.156,0.431,3.102,0.773,0.9526974025974027
Fever,1.069,0.678,1.685,0.773,0.9526974025974027
Malignant neoplasm of thyroid gland,0.925,0.543,1.575,0.773,0.9526974025974027
Other specified causes of urethral stricture,0.801,0.178,3.611,0.773,0.9526974025974027
Disorders of copper metabolism,0.737,0.093,5.838,0.773,0.9526974025974027
Other malaise and fatigue,1.028,0.853,1.237,0.774,0.9533108371187541
Other specified conditions of the tongue,0.676,0.047,9.81,0.774,0.9533108371187541
Accidents occurring in residential institution,0.984,0.877,1.102,0.775,0.9536142625607779
"Other threatened labor, antepartum condition or complication",0.737,0.092,5.943,0.775,0.9536142625607779
"Mydriasis (persistent), not due to mydriatics",0.663,0.04,11.015,0.775,0.9536142625607779
Injury to ulnar nerve,0.634,0.027,14.798,0.776,0.9539107373868047
Other and unspecified mycoses,0.91,0.476,1.743,0.777,0.9539107373868047
Observation and evaluation for other specified suspected conditions,0.743,0.095,5.798,0.777,0.9539107373868047
"Acute alcoholic intoxication in alcoholism, episodic",0.722,0.076,6.883,0.777,0.9539107373868047
Other appendicitis,0.715,0.071,7.239,0.777,0.9539107373868047
"Arthropathy, unspecified, ankle and foot",0.715,0.07,7.325,0.777,0.9539107373868047
"Other and unspecified cord entanglement, without mention of compression, complicating labor and delivery, delivered, with or without mention of antepartum condition",0.656,0.035,12.113,0.777,0.9539107373868047
"Spinal stenosis, lumbar region, with neurogenic claudication",0.845,0.262,2.728,0.778,0.9544996780424985
Closed fracture of cuboid,0.658,0.036,12.175,0.778,0.9544996780424985
Other non-autoimmune hemolytic anemias,1.208,0.323,4.518,0.779,0.9544996780424985
"Rupture of bladder, nontraumatic",1.129,0.483,2.641,0.779,0.9544996780424985
Atypical depressive disorder,0.725,0.077,6.856,0.779,0.9544996780424985
Closed fracture of five ribs,0.893,0.403,1.98,0.78,0.9544996780424985
Reiter's disease,0.718,0.071,7.294,0.78,0.9544996780424985
Unspecified inflammatory disease of uterus,0.718,0.07,7.322,0.78,0.9544996780424985
Tuberous sclerosis,0.654,0.034,12.765,0.78,0.9544996780424985
Medullary sponge kidney,0.565,0.01,30.949,0.78,0.9544996780424985
Other specified symptoms associated with female genital organs,1.256,0.252,6.269,0.781,0.9544996780424985
Natural blood and blood products causing adverse effects in therapeutic use,0.825,0.213,3.201,0.781,0.9544996780424985
Varicose veins of lower extremities with inflammation,0.74,0.089,6.177,0.781,0.9544996780424985
Lymphocytopenia,0.727,0.077,6.886,0.781,0.9544996780424985
"Flatulence, eructation, and gas pain",0.913,0.48,1.737,0.782,0.9547996140238019
Secondary neuroendocrine tumor of liver,0.849,0.266,2.712,0.782,0.9547996140238019
REM sleep behavior disorder,0.767,0.117,5.022,0.782,0.9547996140238019
Other hemoglobinopathies,0.663,0.035,12.38,0.783,0.9557131832797429
Exostosis of unspecified site,0.743,0.088,6.253,0.784,0.9560115644073242
"Hallucinogen abuse, unspecified",0.661,0.035,12.663,0.784,0.9560115644073242
"Zygomatic fracture, right side, initial encounter for closed fracture",0.571,0.01,31.247,0.784,0.9560115644073242
"Contracture of joint, lower leg",0.655,0.031,13.663,0.785,0.9569235709698137
Human papillomavirus in conditions classified elsewhere and of unspecified site,0.652,0.03,14.342,0.786,0.9574840357598978
Unspecified hypertensive heart disease with heart failure,0.911,0.465,1.787,0.787,0.9574840357598978
Malignant neoplasm of long bones of lower limb,0.826,0.205,3.319,0.787,0.9574840357598978
"Open wound of foot except toe(s) alone, without mention of complication",0.791,0.144,4.33,0.787,0.9574840357598978
Lichenification and lichen simplex chronicus,0.828,0.208,3.288,0.788,0.9574840357598978
Unspecified acute reaction to stress,0.777,0.124,4.855,0.788,0.9574840357598978
"Arthropathy, unspecified, hand",0.742,0.084,6.564,0.788,0.9574840357598978
Caught accidentally in or between objects,0.738,0.08,6.788,0.788,0.9574840357598978
"Unspecified polyarthropathy or polyarthritis, site unspecified",0.736,0.078,6.894,0.788,0.9574840357598978
"Mononeuritis of upper limb, unspecified",1.154,0.406,3.282,0.789,0.9574840357598978
Vascular myelopathies,0.895,0.398,2.015,0.789,0.9574840357598978
Sprains and strains of unspecified site of hip and thigh,0.736,0.078,6.951,0.789,0.9574840357598978
Suicide and self-inflicted injury by cutting and piercing instrument,0.791,0.142,4.414,0.79,0.9574840357598978
Contusion of ankle,0.726,0.068,7.702,0.79,0.9574840357598978
"Injury to spleen without mention of open wound into cavity, hematoma without rupture of capsule",0.713,0.059,8.564,0.79,0.9574840357598978
Anomalies of intestinal fixation,0.693,0.047,10.236,0.79,0.9574840357598978
"Unspecified disorder of synovium, tendon, and bursa",0.66,0.031,14.085,0.79,0.9574840357598978
Accid from overexertion,0.657,0.03,14.424,0.79,0.9574840357598978
"Tear of medial cartilage or meniscus of knee, current",0.753,0.092,6.144,0.791,0.9577674418604651
"Perpetrator of child and adult abuse, by spouse or partner",0.741,0.081,6.766,0.791,0.9577674418604651
Other specified disorders of stomach and duodenum,0.959,0.703,1.309,0.792,0.9577674418604651
Family history of asthma,0.745,0.084,6.607,0.792,0.9577674418604651
"Effusion of joint, ankle and foot",0.734,0.074,7.291,0.792,0.9577674418604651
Need for prophylactic immunotherapy,0.734,0.074,7.287,0.792,0.9577674418604651
"Fracture of other specified skull and facial bones, left side, initial encounter for closed fracture",0.676,0.037,12.496,0.792,0.9577674418604651
Mixed incontinence (male) (female),0.736,0.074,7.276,0.793,0.9583661254377588
Other specific muscle disorders,0.698,0.047,10.34,0.793,0.9583661254377588
"Pressure ulcer, hip",1.085,0.589,1.997,0.794,0.9592692552514321
"Cannabis dependence, continuous",0.737,0.073,7.414,0.795,0.9598526048284626
"Mantle cell lymphoma, unspecified site, extranodal and solid organ sites",1.146,0.408,3.219,0.796,0.9598526048284626
"Chronic migraine without aura, without mention of intractable migraine without mention of status migrainosus",0.756,0.09,6.319,0.796,0.9598526048284626
"Ankylosis of joint, lower leg",0.756,0.091,6.283,0.796,0.9598526048284626
Closed fracture of shaft of radius (alone),0.745,0.08,6.941,0.796,0.9598526048284626
Other enthesopathy of ankle and tarsus,0.729,0.067,7.986,0.796,0.9598526048284626
Other bursitis,1.214,0.278,5.303,0.797,0.9601434465249127
Acute upper respiratory infections of other multiple sites,0.931,0.539,1.607,0.797,0.9601434465249127
"Cervical shortening, antepartum condition or complication",0.743,0.078,7.107,0.797,0.9601434465249127
Vesicoureteral reflux unspecified or without reflux nephropathy,1.318,0.159,10.901,0.798,0.9604337349397591
Mechanical complication due to peritoneal dialysis catheter,0.747,0.08,7.009,0.798,0.9604337349397591
Unspecified functional disorder of intestine,0.677,0.034,13.464,0.798,0.9604337349397591
Infection and inflammatory reaction due to peritoneal dialysis catheter,1.177,0.337,4.113,0.799,0.9613324881141048
Basal cell carcinoma of skin of other and unspecified parts of face,1.296,0.174,9.641,0.8,0.9619258789990497
"Fracture of orbital floor, right side, initial encounter for closed fracture",0.671,0.03,14.809,0.8,0.9619258789990497
Other mechanical complication of prosthetic joint implant,0.754,0.082,6.909,0.802,0.9636829807388696
Cystic fibrosis gene carrier,0.741,0.072,7.673,0.802,0.9636829807388696
"Post term pregnancy, delivered, with or without mention of antepartum condition",0.677,0.031,14.56,0.803,0.9636829807388696
Methicillin susceptible Staphylococcus aureus septicemia,1.051,0.709,1.557,0.804,0.9636829807388696
Other hypertrophic cardiomyopathy,0.92,0.474,1.784,0.804,0.9636829807388696
Poisoning by other opiates and related narcotics,0.86,0.262,2.826,0.804,0.9636829807388696
Disturbances of sulphur-bearing amino-acid metabolism,0.788,0.121,5.156,0.804,0.9636829807388696
Non-pressure chronic ulcer of other part of left foot with other specified severity,0.768,0.096,6.127,0.804,0.9636829807388696
Poisoning by psychodysleptics (hallucinogens),0.701,0.042,11.57,0.804,0.9636829807388696
"Mental disorders of mother, delivered, with or without mention of antepartum condition",0.689,0.036,13.154,0.804,0.9636829807388696
"Impulse control disorder, unspecified",0.68,0.032,14.507,0.805,0.9639307740717433
"Other complications due to other internal orthopedic device, implant, and graft",1.144,0.392,3.339,0.806,0.9639307740717433
Other specified transient cerebral ischemias,0.902,0.398,2.047,0.806,0.9639307740717433
Other congenital deformity of hip (joint),0.781,0.108,5.621,0.806,0.9639307740717433
Cystic fibrosis without mention of meconium ileus,0.759,0.084,6.863,0.806,0.9639307740717433
Congenital hydrocephalus,0.753,0.079,7.215,0.806,0.9639307740717433
Disturbances of amino-acid transport,0.732,0.061,8.841,0.806,0.9639307740717433
Acute salpingitis and oophoritis,1.291,0.165,10.079,0.807,0.9639307740717433
Enthesopathy of unspecified site,0.754,0.078,7.266,0.807,0.9639307740717433
"Hyperemesis gravidarum with metabolic disturbance, antepartum condition or complication",0.744,0.069,7.974,0.807,0.9639307740717433
"Other psychological or physical stress, not elsewhere classified",0.718,0.05,10.231,0.807,0.9639307740717433
Other disturbances of aromatic amino-acid metabolism,0.742,0.067,8.225,0.808,0.9648216420257943
"Panniculitis, unspecified site",1.375,0.104,18.168,0.809,0.9653671997491378
Slowing of urinary stream,0.707,0.043,11.748,0.809,0.9653671997491378
Chronic pain due to trauma,1.177,0.313,4.418,0.81,0.9653671997491378
"Mild or unspecified pre-eclampsia, postpartum condition or complication",0.763,0.085,6.885,0.81,0.9653671997491378
Contact dermatitis and other eczema due to other chemical products,0.753,0.075,7.558,0.81,0.9653671997491378
Contusion of forearm,0.749,0.071,7.888,0.81,0.9653671997491378
"Chronic lymphoid leukemia, in remission",1.148,0.37,3.561,0.811,0.9653671997491378
Idiopathic pulmonary fibrosis,1.104,0.489,2.494,0.811,0.9653671997491378
"Allergic arthritis, lower leg",0.696,0.036,13.459,0.811,0.9653671997491378
Accidental poisoning by anticonvulsant and anti-parkinsonism drugs,0.661,0.022,19.759,0.811,0.9653671997491378
Chronic tension type headache,0.76,0.08,7.228,0.812,0.9656491228070176
Dysmenorrhea,0.745,0.066,8.388,0.812,0.9656491228070176
Ischemic optic neuropathy,0.737,0.06,9.029,0.812,0.9656491228070176
"Gouty arthropathy, unspecified",1.09,0.532,2.233,0.813,0.9659305164319248
Endometriosis of ovary,0.747,0.067,8.338,0.813,0.9659305164319248
"Other immediate postpartum hemorrhage, delivered, with mention of postpartum complication",0.604,0.009,39.37,0.813,0.9659305164319248
"Exophthalmos, unspecified",0.843,0.203,3.496,0.814,0.9661898813241723
"Mechanical complication due to graft of other tissue, not elsewhere classified",0.808,0.137,4.767,0.814,0.9661898813241723
"Papilledema, unspecified",0.741,0.062,8.926,0.814,0.9661898813241723
"Alcohol abuse, in remission",0.95,0.615,1.467,0.815,0.9661898813241723
Acute pharyngitis,0.94,0.56,1.578,0.815,0.9661898813241723
Encounter for breast reconstruction following mastectomy,0.77,0.086,6.861,0.815,0.9661898813241723
"Open wound of abdominal wall, anterior, without mention of complication",0.735,0.056,9.635,0.815,0.9661898813241723
Other specified congenital anomalies of nervous system,1.3,0.142,11.913,0.816,0.9664698907956318
Chronic venous embolism and thrombosis of subclavian veins,0.795,0.116,5.443,0.816,0.9664698907956318
Left-sided ulcerative (chronic) colitis,0.771,0.087,6.868,0.816,0.9664698907956318
Other specified injury caused by animal,0.762,0.077,7.599,0.817,0.9670508263174306
"Anemia of mother, delivered, with or without mention of antepartum condition",0.681,0.026,17.69,0.817,0.9670508263174306
Suicide and self-inflicted poisoning by other and unspecified solid and liquid substances,0.818,0.148,4.509,0.818,0.9673067828251399
"Acute lymphoid leukemia, in remission",1.132,0.391,3.279,0.819,0.9673067828251399
"Arthropathy, unspecified, site unspecified",1.033,0.781,1.367,0.819,0.9673067828251399
Other disorders of calcium metabolism,0.939,0.548,1.61,0.819,0.9673067828251399
Abscess of anal and rectal regions,0.929,0.494,1.747,0.819,0.9673067828251399
Other family disruption,0.733,0.051,10.571,0.819,0.9673067828251399
"Closed fracture of mandible, angle of jaw",0.72,0.043,11.958,0.819,0.9673067828251399
Mastodynia,0.751,0.063,8.917,0.82,0.9678855721393035
"Leukorrhea, not specified as infective",0.7,0.033,14.972,0.82,0.9678855721393035
Wrist drop (acquired),1.312,0.125,13.712,0.821,0.9681627834731282
Aortocoronary bypass status,0.987,0.883,1.103,0.821,0.9681627834731282
Other synovitis and tenosynovitis,0.829,0.163,4.208,0.821,0.9681627834731282
Closed fracture of astragalus,0.847,0.199,3.599,0.822,0.9684394785847299
Poisoning by skeletal muscle relaxants,0.74,0.054,10.204,0.822,0.9684394785847299
"Abrasion or friction burn of foot and toe(s), without mention of infection",0.553,0.003,96.106,0.822,0.9684394785847299
Urinary hesitancy,0.846,0.197,3.639,0.823,0.9690161290322581
Congenital monoplegia,0.717,0.039,13.317,0.823,0.9690161290322581
"Elbow, forearm, and wrist injury",0.763,0.07,8.291,0.824,0.9695920644761313
"Infections of genitourinary tract in pregnancy, postpartum condition or complication",0.74,0.052,10.531,0.824,0.9695920644761313
Closed fracture of unspecified part of fibula with tibia,0.854,0.21,3.467,0.825,0.9701672862453532
Closed fracture of shaft of metacarpal bone(s),0.75,0.059,9.54,0.825,0.9701672862453532
Coronary atherosclerosis due to calcified coronary lesion,0.923,0.45,1.893,0.826,0.9704413494274218
Nontraffic accident involving other off-road motor vehicle injuring driver of motor vehicle other than motorcycle,0.776,0.081,7.402,0.826,0.9704413494274218
"Uterovaginal prolapse, complete",0.773,0.078,7.697,0.826,0.9704413494274218
Malunion of fracture,0.774,0.077,7.734,0.827,0.9710151562016702
Sprains and strains of unspecified site of shoulder and upper arm,0.757,0.063,9.154,0.827,0.9710151562016702
Bite of other animal except arthropod,0.851,0.199,3.647,0.828,0.9715603581352269
Anal or rectal pain,0.925,0.454,1.884,0.829,0.9715603581352269
"Abdominal or pelvic swelling, mass, or lump, other specified site",0.878,0.27,2.858,0.829,0.9715603581352269
Other specified disorders of nervous system,0.765,0.068,8.655,0.829,0.9715603581352269
Poisoning by salicylates,0.757,0.06,9.561,0.829,0.9715603581352269
Spina bifida occulta,0.746,0.052,10.618,0.829,0.9715603581352269
Painful respiration,1.058,0.63,1.777,0.83,0.9721320580067879
Antineoplastic chemotherapy induced pancytopenia,0.962,0.674,1.372,0.83,0.9721320580067879
Personal history of malignant neoplasm of kidney,0.975,0.774,1.228,0.831,0.972403205918619
Other specified urticaria,0.762,0.064,9.137,0.831,0.972403205918619
"Twin pregnancy, antepartum condition or complication",0.733,0.043,12.576,0.831,0.972403205918619
"Open wound of hand except finger(s) alone, complicated",0.768,0.067,8.821,0.832,0.9726738527871881
Family history of allergic disorders,0.758,0.059,9.739,0.832,0.9726738527871881
"Sedative, hypnotic or anxiolytic abuse, continuous",0.736,0.043,12.564,0.832,0.9726738527871881
Occlusion and stenosis of multiple and bilateral precerebral arteries without mention of cerebral infarction,0.958,0.642,1.429,0.833,0.9729145666871541
"Other psychoactive substance abuse, in remission",0.763,0.061,9.487,0.833,0.9729145666871541
"Contracture of joint, hand",0.819,0.127,5.299,0.834,0.9729145666871541
Open fracture of upper end of tibia alone,0.811,0.114,5.743,0.834,0.9729145666871541
Social maladjustment,0.752,0.053,10.692,0.834,0.9729145666871541
Chronic pyelonephritis without lesion of renal medullary necrosis,0.711,0.029,17.271,0.834,0.9729145666871541
Priapism,0.686,0.02,23.409,0.834,0.9729145666871541
Sclerosing mesenteritis,0.822,0.129,5.241,0.835,0.9737818740399384
Late effect of fracture of lower extremities,1.151,0.304,4.356,0.836,0.974050337630448
"Open wound of forehead, without mention of complication",1.038,0.733,1.47,0.836,0.974050337630448
"Chronic ischemic heart disease, unspecified",0.885,0.278,2.811,0.836,0.974050337630448
Accidents caused by other powered hand tools,0.771,0.065,9.148,0.837,0.9746171779141103
"Open wound of buttock, without mention of complication",0.759,0.055,10.549,0.837,0.9746171779141103
Acquired absence of kidney,0.971,0.735,1.284,0.838,0.9751833231146535
"Delayed and secondary postpartum hemorrhage, postpartum condition or complication",0.765,0.059,10.006,0.838,0.9751833231146535
"Mental disorders of mother, postpartum condition or complication",1.241,0.156,9.888,0.839,0.9757487745098039
"Other malignant lymphomas, lymph nodes of axilla and upper limb",0.697,0.022,22.611,0.839,0.9757487745098039
Acquired equinovarus deformity,0.779,0.07,8.717,0.84,0.9766125574272587
Septicemia due to anaerobes,1.07,0.552,2.072,0.841,0.9768095238095239
"Other joint derangement, not elsewhere classified, other specified sites",0.78,0.069,8.87,0.841,0.9768095238095239
Other injury into spleen without mention of open wound into cavity,1.167,0.255,5.336,0.842,0.9768095238095239
Hepatopulmonary syndrome,1.086,0.481,2.454,0.842,0.9768095238095239
Other joint replacement,0.745,0.041,13.392,0.842,0.9768095238095239
Generalized anxiety disorder,0.942,0.521,1.702,0.843,0.9768095238095239
Toxic myopathy,0.926,0.43,1.994,0.843,0.9768095238095239
"Acute inflammatory diseases of uterus, except cervix",0.77,0.058,10.241,0.843,0.9768095238095239
Mixed irritable bowel syndrome,0.768,0.057,10.38,0.843,0.9768095238095239
"Unspecified drug dependence, continuous",0.767,0.055,10.679,0.843,0.9768095238095239
"Benign essential hypertension complicating pregnancy, childbirth, and the puerperium, antepartum condition or complication",0.764,0.053,10.956,0.843,0.9768095238095239
"Injury to other intra-abdominal organs without mention of open wound into cavity, peritoneum",0.903,0.327,2.494,0.844,0.9772337583485123
"Open wound of finger(s), with tendon involvement",0.769,0.056,10.627,0.844,0.9772337583485123
Other ureteric obstruction,0.958,0.621,1.477,0.845,0.9772337583485123
Prolapse of vaginal vault after hysterectomy,0.789,0.074,8.418,0.845,0.9772337583485123
Other abnormal granulation tissue,0.773,0.058,10.325,0.845,0.9772337583485123
Endometriosis of pelvic peritoneum,0.772,0.057,10.371,0.845,0.9772337583485123
Nephrotic syndrome in diseases classified elsewhere,0.832,0.131,5.297,0.846,0.9772337583485123
"Abrasion or friction burn of shoulder and upper arm, without mention of infection",0.83,0.127,5.449,0.846,0.9772337583485123
"Accidents caused by knives, swords, and daggers",0.797,0.081,7.88,0.846,0.9772337583485123
Unspecified local infection of skin and subcutaneous tissue,1.079,0.499,2.334,0.847,0.9772337583485123
"Bipolar I disorder, most recent episode (or current) mixed, unspecified",0.787,0.069,8.957,0.847,0.9772337583485123
Bilious emesis,0.786,0.068,9.092,0.847,0.9772337583485123
Civilian activity done for income or pay,0.773,0.057,10.578,0.847,0.9772337583485123
Other bone cyst,1.209,0.174,8.419,0.848,0.9772337583485123
"Malignant neoplasm of stomach, unspecified site",0.935,0.472,1.853,0.848,0.9772337583485123
Accidents caused by woodworking and forming machines,0.769,0.052,11.269,0.848,0.9772337583485123
"Twin gestation, dichorionic/diamniotic (two placentae, two amniotic sacs)",0.724,0.027,19.685,0.848,0.9772337583485123
Hordeolum externum,0.72,0.025,20.709,0.848,0.9772337583485123
Moderate intellectual disabilities,0.846,0.151,4.75,0.849,0.9777575757575758
Chondromalacia of patella,0.773,0.054,10.983,0.849,0.9777575757575758
Lupus erythematosus,0.909,0.34,2.433,0.85,0.9777575757575758
"Uterovaginal prolapse, incomplete",0.792,0.071,8.831,0.85,0.9777575757575758
Allergy to other foods,0.775,0.055,10.913,0.85,0.9777575757575758
Other specified disorders of metabolism,0.746,0.036,15.501,0.85,0.9777575757575758
Hallux valgus (acquired),0.799,0.077,8.311,0.851,0.9782794918330309
Cerebral atherosclerosis,1.033,0.734,1.454,0.852,0.9782794918330309
Acute gouty arthropathy,0.964,0.659,1.412,0.852,0.9782794918330309
"Diabetes mellitus of mother, complicating pregnancy, childbirth, or the puerperium, antepartum condition or complication",0.789,0.065,9.51,0.852,0.9782794918330309
Mechanical complication due to insulin pump,0.772,0.051,11.65,0.852,0.9782794918330309
Need for prophylactic vaccination and inoculation against viral hepatitis,0.768,0.048,12.221,0.852,0.9782794918330309
Butyrophenone-based tranquilizers causing adverse effects in therapeutic use,1.114,0.354,3.503,0.854,0.9799830713422008
"Other complications due to other cardiac device, implant, and graft",1.041,0.677,1.602,0.854,0.9799830713422008
Adverse effects of work environment,1.236,0.128,11.922,0.855,0.98024161884627
Malignant neoplasm of abdominal esophagus,1.109,0.369,3.334,0.855,0.98024161884627
"Mantle cell lymphoma, lymph nodes of multiple sites",0.788,0.061,10.185,0.855,0.98024161884627
Malignant neoplasm of extrahepatic bile ducts,0.954,0.571,1.593,0.856,0.9804996982498492
Other sprains and strains of ankle,0.82,0.096,7.001,0.856,0.9804996982498492
Other parent-child problems,0.78,0.053,11.501,0.856,0.9804996982498492
Drug-induced delirium,0.962,0.629,1.471,0.857,0.9807190605239386
Dysmetabolic syndrome X,0.918,0.362,2.325,0.857,0.9807190605239386
"Abnormal glucose tolerance of mother, antepartum condition or complication",0.76,0.038,15.222,0.857,0.9807190605239386
Constrictive pericarditis,1.095,0.406,2.949,0.858,0.9807190605239386
Other ill-defined heart diseases,1.052,0.603,1.835,0.858,0.9807190605239386
Closed dislocation of ankle,0.781,0.053,11.624,0.858,0.9807190605239386
Other headache syndromes,0.757,0.036,15.869,0.858,0.9807190605239386
Closed Monteggia's fracture,0.803,0.07,9.16,0.859,0.9809759326113118
Secondary neuroendocrine tumor of bone,0.791,0.059,10.568,0.859,0.9809759326113118
"Other complications of obstetrical surgical wounds, delivered, with mention of postpartum complication",0.7,0.014,35.783,0.859,0.9809759326113118
Unspecified infectious and parasitic diseases,1.099,0.385,3.136,0.86,0.9815273601924234
"Other and unspecified complications of medical care, not elsewhere classified",0.939,0.466,1.894,0.86,0.9815273601924234
"Nonpurulent mastitis associated with childbirth, postpartum condition or complication",0.812,0.08,8.28,0.861,0.9823733092876465
Ulcerative (chronic) enterocolitis,0.804,0.068,9.493,0.862,0.9826282282282282
Benign neoplasm of breast,0.796,0.061,10.436,0.862,0.9826282282282282
Radial styloid tenosynovitis,0.793,0.058,10.906,0.862,0.9826282282282282
"Poisoning by opium (alkaloids), unspecified",0.861,0.157,4.73,0.863,0.9834728309816871
"Localization-related (focal) (partial) epilepsy and epileptic syndromes with simple partial seizures, with intractable epilepsy",1.107,0.342,3.589,0.865,0.9851605160516053
"Cervical incompetence, antepartum condition or complication",0.805,0.066,9.859,0.865,0.9851605160516053
Intestinal infection due to campylobacter,0.848,0.125,5.77,0.866,0.9856201017050553
"Moderate or severe impairment, better eye, impairment level not further specified",0.701,0.011,42.816,0.866,0.9856201017050553
Prepatellar bursitis,0.813,0.072,9.151,0.867,0.9856201017050553
Follicular cyst of ovary,0.773,0.038,15.592,0.867,0.9856201017050553
Other specified noninflammatory disorders of vulva and perineum,0.739,0.022,25.28,0.867,0.9856201017050553
Late effect of open wound of extremities without mention of tendon injury,0.7,0.011,45.843,0.867,0.9856201017050553
Personal history of malignant neoplasm of other urinary organs,1.114,0.309,4.018,0.868,0.9856201017050553
Other specified periodontal diseases,0.87,0.17,4.458,0.868,0.9856201017050553
"Other cardiovascular diseases of mother, antepartum condition or complication",0.766,0.033,17.848,0.868,0.9856201017050553
"Maxillary fracture, right side, initial encounter for closed fracture",0.694,0.009,51.932,0.868,0.9856201017050553
Adjustment disorder with mixed disturbance of emotions and conduct,1.213,0.121,12.106,0.869,0.9857829457364341
"Injury to spleen without mention of open wound into cavity, capsular tears, without major disruption of parenchyma",1.127,0.268,4.742,0.87,0.9857829457364341
Kidney donors,0.821,0.078,8.655,0.87,0.9857829457364341
"Puerperal endometritis, postpartum condition or complication",0.793,0.049,12.747,0.87,0.9857829457364341
"Previous cesarean delivery, antepartum condition or complication",0.791,0.048,13.145,0.87,0.9857829457364341
"Infections of genitourinary tract in pregnancy, antepartum condition or complication",0.783,0.042,14.726,0.87,0.9857829457364341
Other emotional disturbances of childhood or adolescence,0.743,0.021,26.259,0.87,0.9857829457364341
"Cellulitis and abscess of finger, unspecified",1.052,0.569,1.945,0.871,0.9857829457364341
C1-C4 level with central cord syndrome,0.876,0.177,4.339,0.871,0.9857829457364341
"Labyrinthitis, unspecified",0.808,0.062,10.567,0.871,0.9857829457364341
"Spontaneous abortion, without mention of complication, incomplete",0.803,0.058,11.217,0.871,0.9857829457364341
"Perpetrator of child and adult abuse, by father, stepfather, or boyfriend",0.724,0.014,36.986,0.872,0.9859886938411186
"Infection of amniotic cavity, delivered, with or without mention of antepartum condition",0.654,0.004,112.651,0.872,0.9859886938411186
Other closed fracture of lower end of humerus,1.164,0.181,7.468,0.873,0.9859886938411186
"Pressure ulcer, stage IV",1.038,0.656,1.642,0.873,0.9859886938411186
"Chronic obstructive asthma, unspecified",1.018,0.821,1.261,0.873,0.9859886938411186
Late effects of self-inflicted injury,0.791,0.044,14.086,0.873,0.9859886938411186
Personal history of nutritional deficiency,0.711,0.011,46.144,0.873,0.9859886938411186
Unspecified intellectual disabilities,0.965,0.625,1.491,0.874,0.986824509220702
Other specified diseases of sebaceous glands,1.19,0.135,10.48,0.875,0.987072808320951
Atrial flutter,0.989,0.86,1.138,0.875,0.987072808320951
Mixed hyperlipidemia,0.937,0.416,2.108,0.875,0.987072808320951
Anal and rectal polyp,1.075,0.433,2.669,0.876,0.9876138996138996
"Other viral diseases in the mother, delivered, with or without mention of antepartum condition",0.778,0.033,18.195,0.876,0.9876138996138996
"Diabetes with unspecified complication, type II or unspecified type, not stated as uncontrolled",1.046,0.593,1.845,0.878,0.9892402826855123
"Effusion of joint, lower leg",0.95,0.494,1.827,0.878,0.9892402826855123
Malignant melanoma of skin of other and unspecified parts of face,1.135,0.222,5.797,0.879,0.9892402826855123
"Other, mixed, or unspecified drug abuse, unspecified",0.966,0.616,1.515,0.879,0.9892402826855123
Special screening for malignant neoplasms of colon,0.821,0.065,10.399,0.879,0.9892402826855123
"Generalized nonconvulsive epilepsy, without mention of intractable epilepsy",1.114,0.276,4.502,0.88,0.9892402826855123
"Infection and inflammatory reaction due to indwelling urethral catheter, initial encounter",1.055,0.522,2.135,0.881,0.9892402826855123
Presence of intrauterine contraceptive device,0.824,0.065,10.378,0.881,0.9892402826855123
Elevated sedimentation rate,0.822,0.063,10.637,0.881,0.9892402826855123
Urethral hypermobility,0.797,0.04,15.712,0.881,0.9892402826855123
"Diabetes with neurological manifestations, type I (juvenile type), uncontrolled",0.944,0.441,2.022,0.882,0.9892402826855123
Babesiosis,0.909,0.26,3.183,0.882,0.9892402826855123
"Severe pre-eclampsia, complicating the puerperium",0.818,0.058,11.448,0.882,0.9892402826855123
"Elderly primigravida, antepartum condition or complication",0.806,0.046,13.996,0.882,0.9892402826855123
"Cannabis dependence, in remission",0.716,0.009,58.996,0.882,0.9892402826855123
Cellulitis and abscess of other specified sites,1.09,0.346,3.44,0.883,0.9892402826855123
"Poisoning by other specified drugs and medicinal substances, undetermined whether accidentally or purposely inflicted",0.872,0.141,5.392,0.883,0.9892402826855123
Other lesion of median nerve,0.82,0.058,11.649,0.883,0.9892402826855123
"Fracture of medial malleolus, open",0.815,0.053,12.499,0.883,0.9892402826855123
Early satiety,0.924,0.319,2.674,0.884,0.9892402826855123
Late effect of certain other external causes,0.811,0.049,13.542,0.884,0.9892402826855123
"Premature rupture of membranes, delivered, with or without mention of antepartum condition",0.769,0.023,25.936,0.884,0.9892402826855123
"Coagulation defects complicating pregnancy, childbirth, or the puerperium, delivered, with or without mention of antepartum condition",0.724,0.009,55.439,0.884,0.9892402826855123
"Calculus of bile duct with acute cholecystitis, with obstruction",1.076,0.397,2.918,0.885,0.9892402826855123
"Allergic arthritis, site unspecified",0.833,0.07,9.857,0.885,0.9892402826855123
"Other affections of shoulder region, not elsewhere classified",0.832,0.068,10.147,0.885,0.9892402826855123
Other peripheral vertigo,0.828,0.065,10.617,0.885,0.9892402826855123
Other specified housing or economic circumstances,0.82,0.056,12.091,0.885,0.9892402826855123
Suicide and self-inflicted poisoning by other sedatives and hypnotics,0.712,0.007,71.039,0.885,0.9892402826855123
Family history of malignant neoplasm of gastrointestinal tract,1.019,0.783,1.327,0.886,0.9897751618599177
"Open wound of foot except toe(s) alone, complicated",0.831,0.067,10.258,0.886,0.9897751618599177
Nephrotic syndrome with lesion of membranous glomerulonephritis,1.123,0.227,5.561,0.887,0.9903094117647059
"Secondary uterine inertia, delivered, with or without mention of antepartum condition",0.675,0.003,152.448,0.887,0.9903094117647059
"Body Mass Index 45.0-49.9, adult",1.029,0.69,1.535,0.888,0.9905014577259474
Accidental fall from ladder,0.956,0.51,1.792,0.888,0.9905014577259474
Sprain of unspecified site of back,0.823,0.055,12.43,0.888,0.9905014577259474
Herpes zoster with other ophthalmic complications,1.155,0.152,8.766,0.889,0.9905014577259474
"Malignant neoplasm of vertebral column, excluding sacrum and coccyx",0.825,0.055,12.308,0.889,0.9905014577259474
"Other ganglion and cyst of synovium, tendon, and bursa",0.821,0.051,13.115,0.889,0.9905014577259474
Lipidoses,0.827,0.055,12.354,0.89,0.9905014577259474
Nonspecific abnormal electroencephalogram (EEG),0.819,0.048,14.054,0.89,0.9905014577259474
Chronic gouty arthropathy with tophus (tophi),1.079,0.362,3.216,0.891,0.9905014577259474
Gender identity disorder in children,0.834,0.062,11.216,0.891,0.9905014577259474
"Other specified infectious and parasitic diseases of mother, antepartum condition or complication",0.798,0.031,20.313,0.891,0.9905014577259474
Transfusion associated circulatory overload,1.096,0.292,4.111,0.892,0.9905014577259474
Pneumococcal septicemia (Streptococcus pneumoniae septicemia),0.934,0.349,2.5,0.892,0.9905014577259474
Renal and perinephric abscess,0.879,0.136,5.679,0.892,0.9905014577259474
Nonspecific abnormal results of other specified function study,0.832,0.059,11.72,0.892,0.9905014577259474
"Dissociative disorder or reaction, unspecified",0.829,0.056,12.305,0.892,0.9905014577259474
Poisoning by unspecified drug or medicinal substance,0.824,0.051,13.416,0.892,0.9905014577259474
Familial Mediterranean fever,0.824,0.05,13.565,0.893,0.9905014577259474
Secondary neuroendocrine tumor of peritoneum,0.802,0.032,20.049,0.893,0.9905014577259474
Accidental poisoning by psychostimulants,0.707,0.005,109.908,0.893,0.9905014577259474
Malignant carcinoid tumor of the bronchus and lung,1.105,0.256,4.778,0.894,0.9905014577259474
Personal history of other genital system and obstetric disorders,0.82,0.044,15.121,0.894,0.9905014577259474
"Other lymphoid leukemia, without mention of having achieved remission",1.125,0.195,6.48,0.895,0.9905014577259474
"Duodenitis, with hemorrhage",0.92,0.267,3.174,0.895,0.9905014577259474
"Bipolar I disorder, most recent episode (or current) depressed, severe, without mention of psychotic behavior",0.835,0.057,12.299,0.895,0.9905014577259474
Personal history of unspecified disorder of nervous system and sense organs,0.828,0.05,13.766,0.895,0.9905014577259474
Other health problems within the family,0.827,0.049,13.876,0.895,0.9905014577259474
"Premature separation of placenta, antepartum condition or complication",0.816,0.04,16.585,0.895,0.9905014577259474
Accidental poisoning by antidepressants,0.805,0.032,20.447,0.895,0.9905014577259474
Dissociative identity disorder,0.801,0.029,21.832,0.895,0.9905014577259474
Degeneration of thoracic or thoracolumbar intervertebral disc,0.823,0.045,15.086,0.896,0.9906930462612744
"Open wound of wrist, with tendon involvement",1.149,0.142,9.301,0.897,0.9906930462612744
Polycythemia vera,1.033,0.63,1.693,0.897,0.9906930462612744
"Bronchitis, not specified as acute or chronic",0.961,0.522,1.768,0.897,0.9906930462612744
Superior glenoid labrum lesion,0.838,0.058,12.179,0.897,0.9906930462612744
Other complications of intestinal pouch,0.834,0.054,12.981,0.897,0.9906930462612744
"Peripheral neuritis in pregnancy, postpartum condition or complication",0.818,0.04,16.877,0.897,0.9906930462612744
"Suicide and self-inflicted injury by caustic substances, except poisoning",1.288,0.026,63.58,0.899,0.9913121019108281
Postmastectomy lymphedema syndrome,1.088,0.294,4.024,0.899,0.9913121019108281
Left bundle branch hemiblock,1.077,0.344,3.365,0.899,0.9913121019108281
Unspecified adverse effect of anesthesia,0.952,0.443,2.044,0.899,0.9913121019108281
"Fall on same level from collision, pushing, or shoving, by or with other person in sports",0.843,0.058,12.223,0.9,0.9913121019108281
Injury to radial nerve,0.827,0.043,16.074,0.9,0.9913121019108281
Communicating hydrocephalus,1.07,0.366,3.126,0.901,0.9913121019108281
Apnea,1.055,0.457,2.436,0.901,0.9913121019108281
Felon,0.845,0.06,11.885,0.901,0.9913121019108281
"Stiffness of joint, not elsewhere classified, lower leg",0.843,0.058,12.336,0.901,0.9913121019108281
"Kaposi's sarcoma, unspecified site",0.828,0.042,16.36,0.901,0.9913121019108281
"Elderly primigravida, delivered, with or without mention of antepartum condition",0.795,0.021,29.451,0.901,0.9913121019108281
Acute parametritis and pelvic cellulitis,1.112,0.206,6.016,0.902,0.9913121019108281
"Sacroiliitis, not elsewhere classified",1.092,0.265,4.498,0.902,0.9913121019108281
Dissection of coronary artery,0.954,0.453,2.012,0.902,0.9913121019108281
"Delayed and secondary postpartum hemorrhage, delivered, with mention of postpartum complication",0.828,0.04,16.929,0.902,0.9913121019108281
"Abnormal glucose tolerance of mother, delivered, with or without mention of antepartum condition",0.807,0.026,24.848,0.902,0.9913121019108281
Other specified disorders of arteries and arterioles,0.929,0.286,3.017,0.903,0.9917872832369942
"Other adverse food reactions, not elsewhere classified",0.839,0.05,14.16,0.903,0.9917872832369942
"Systemic inflammatory response syndrome, unspecified",0.93,0.287,3.017,0.904,0.9917872832369942
Pilonidal cyst without mention of abscess,0.88,0.11,7.034,0.904,0.9917872832369942
"Other complications of obstetrical surgical wounds, postpartum condition or complication",0.842,0.052,13.687,0.904,0.9917872832369942
Elevated C-reactive protein (CRP),0.839,0.048,14.533,0.904,0.9917872832369942
"Marginal zone lymphoma, unspecified site, extranodal and solid organ sites",1.058,0.417,2.684,0.905,0.9920242564250651
Late effect of certain complications of trauma,0.853,0.062,11.71,0.905,0.9920242564250651
Family history of other endocrine and metabolic diseases,0.742,0.006,96.69,0.905,0.9920242564250651
Lipodystrophy,0.844,0.051,13.93,0.906,0.9927831603229528
"Displacement of intervertebral disc, site unspecified, without myelopathy",1.083,0.284,4.135,0.907,0.9927831603229528
Other specified aftercare following surgery,0.844,0.049,14.513,0.907,0.9927831603229528
Poisoning by barbiturates,0.774,0.01,57.64,0.907,0.9927831603229528
"Outcome of delivery, single stillborn",0.716,0.003,194.063,0.907,0.9927831603229528
"Food poisoning, unspecified",0.844,0.048,14.916,0.908,0.9930005724098455
Poisoning by selective serotonin reuptake inhibitors,0.792,0.015,42.239,0.908,0.9930005724098455
"Peripheral vertigo, unspecified",0.929,0.262,3.298,0.909,0.9930005724098455
Bicipital tenosynovitis,0.886,0.109,7.184,0.91,0.9930005724098455
"Other disorders of synovium, tendon, and bursa",0.85,0.05,14.416,0.91,0.9930005724098455
Nonspecific abnormal findings in cerebrospinal fluid,0.85,0.051,14.062,0.91,0.9930005724098455
Sterilization,0.822,0.027,25.134,0.91,0.9930005724098455
Other motor vehicle traffic accident involving collision with motor vehicle injuring driver of motor vehicle other than motorcycle,1.028,0.636,1.662,0.911,0.9930005724098455
Atherosclerosis of native arteries of the extremities with gangrene,0.981,0.697,1.38,0.911,0.9930005724098455
"Hypertensive heart and chronic kidney disease, unspecified, with heart failure and with chronic kidney disease stage I through stage IV, or unspecified",0.97,0.568,1.657,0.911,0.9930005724098455
"Stenosis of peripheral vascular stent, initial encounter",0.856,0.057,12.847,0.911,0.9930005724098455
Cerebrospinal fluid rhinorrhea,1.085,0.255,4.617,0.912,0.9930005724098455
Other specified hemiplegia and hemiparesis affecting dominant side,1.021,0.701,1.487,0.912,0.9930005724098455
Hiccough,0.97,0.568,1.656,0.912,0.9930005724098455
Accidental poisoning by other specified tranquilizers,0.812,0.02,32.979,0.912,0.9930005724098455
Reflex sympathetic dystrophy of the lower limb,1.123,0.141,8.97,0.913,0.9930005724098455
Adjustment disorder with disturbance of conduct,0.88,0.088,8.81,0.913,0.9930005724098455
Other specified adjustment reactions,0.861,0.058,12.756,0.913,0.9930005724098455
Family history of other chronic respiratory conditions,0.854,0.05,14.656,0.913,0.9930005724098455
"Puerperal endometritis, delivered, with mention of postpartum complication",0.84,0.036,19.454,0.913,0.9930005724098455
Personal history of other mental disorders,0.84,0.037,19.241,0.913,0.9930005724098455
"Lymphangioma, any site",1.106,0.176,6.943,0.914,0.9930005724098455
"Epilepsia partialis continua, without mention of intractable epilepsy",1.082,0.26,4.506,0.914,0.9930005724098455
Closed fracture of C5-C7 level with unspecified spinal cord injury,1.08,0.267,4.372,0.914,0.9930005724098455
"Benign neoplasm of skin of trunk, except scrotum",0.848,0.042,16.923,0.914,0.9930005724098455
"Unspecified renal disease in pregnancy, without mention of hypertension, antepartum condition or complication",0.817,0.021,32.359,0.914,0.9930005724098455
"Diabetes with renal manifestations, type II or unspecified type, uncontrolled",0.972,0.575,1.643,0.915,0.9932342007434944
Pyogenic granuloma of skin and subcutaneous tissue,0.868,0.065,11.524,0.915,0.9932342007434944
"Postpartum coagulation defects, delivered, with mention of postpartum complication",0.702,0.001,462.76,0.915,0.9932342007434944
"Primary central nervous system lymphoma, lymph nodes of head, face, and neck",0.845,0.037,19.095,0.916,0.9936492728828058
Obstructive chronic bronchitis with acute bronchitis,1.02,0.698,1.493,0.917,0.9936492728828058
"Malignant neoplasm of connective and other soft tissue of upper limb, including shoulder",0.879,0.078,9.949,0.917,0.9936492728828058
Unspecified disorders of menstruation and other abnormal bleeding from female genital tract,1.063,0.331,3.419,0.918,0.9936492728828058
Acute on chronic diastolic heart failure,0.992,0.846,1.162,0.918,0.9936492728828058
Aneurysm of iliac artery,0.967,0.51,1.833,0.918,0.9936492728828058
Dermatomyositis,0.933,0.248,3.514,0.918,0.9936492728828058
"Closed fracture of navicular (scaphoid), foot",0.852,0.041,17.77,0.918,0.9936492728828058
Injury to radial blood vessels,0.849,0.038,18.766,0.918,0.9936492728828058
"Other viral diseases in the mother, antepartum condition or complication",0.838,0.029,24.011,0.918,0.9936492728828058
"Other diseases of pharynx, not elsewhere classified",0.915,0.166,5.057,0.919,0.9938814814814815
Acute hepatitis C without mention of hepatic coma,0.912,0.155,5.364,0.919,0.9938814814814815
"Thyroiditis, unspecified",0.863,0.05,14.896,0.919,0.9938814814814815
"Other specified bacterial infections in conditions classified elsewhere and of unspecified site, other specified bacteria",0.986,0.742,1.308,0.92,0.9939087560215358
"Benign essential hypertension complicating pregnancy, childbirth, and the puerperium, delivered, with or without mention of antepartum condition",0.832,0.023,29.751,0.92,0.9939087560215358
"Premature separation of placenta, delivered, with or without mention of antepartum condition",0.784,0.007,89.583,0.92,0.9939087560215358
"Other malignant lymphomas, lymph nodes of inguinal region and lower limb",1.113,0.132,9.4,0.921,0.9939087560215358
"Surgical operation with transplant of whole organ causing abnormal patient reaction, or later complication, without mention of misadventure at time of operation",0.984,0.716,1.352,0.921,0.9939087560215358
"Injury to digital nerve, upper limb",0.831,0.021,32.313,0.921,0.9939087560215358
"Obesity complicating pregnancy, childbirth, or the puerperium, delivered, with or without mention of antepartum condition",0.827,0.019,35.108,0.921,0.9939087560215358
"Migraine, unspecified, with intractable migraine, so stated, without mention of status migrainosus",0.865,0.047,15.923,0.922,0.9939087560215358
"Unspecified antepartum hemorrhage, antepartum condition or complication",0.863,0.046,16.326,0.922,0.9939087560215358
Family history of anemia,0.856,0.039,18.943,0.922,0.9939087560215358
"Multiple gestation with malpresentation of one fetus or more, delivered, with or without mention of antepartum condition",0.819,0.015,44.077,0.922,0.9939087560215358
Lipoma of spermatic cord,0.866,0.047,16.072,0.923,0.9939087560215358
Disorders of acoustic nerve,0.854,0.034,21.147,0.923,0.9939087560215358
Activities involving bike riding,0.84,0.025,28.012,0.923,0.9939087560215358
"Other specified indications for care or intervention related to labor and delivery, delivered, with or without mention of antepartum condition",0.722,0.001,510.996,0.923,0.9939087560215358
Occlusion and stenosis of vertebral artery without mention of cerebral infarction,0.964,0.454,2.049,0.924,0.9939087560215358
Personal history of thrombophlebitis,0.912,0.138,6.023,0.924,0.9939087560215358
Dual sensory impairment,0.912,0.136,6.109,0.924,0.9939087560215358
"Bipolar I disorder, single manic episode, severe, specified as with psychotic behavior",0.863,0.043,17.357,0.924,0.9939087560215358
History of emotional abuse,1.231,0.015,101.366,0.926,0.9940129104687062
Disorders of urea cycle metabolism,1.1,0.145,8.328,0.926,0.9940129104687062
Hyperosmolality and/or hypernatremia,0.994,0.878,1.126,0.926,0.9940129104687062
"Pregnant state, incidental",0.926,0.179,4.787,0.926,0.9940129104687062
Sprain of cruciate ligament of knee,0.88,0.059,13.029,0.926,0.9940129104687062
Symptomatic menopausal or female climacteric states,0.872,0.048,15.861,0.926,0.9940129104687062
Herpetic meningoencephalitis,1.07,0.254,4.506,0.927,0.9940129104687062
Changes in skin texture,0.858,0.033,22.032,0.927,0.9940129104687062
"Poor fetal growth, affecting management of mother, delivered, with or without mention of antepartum condition",0.839,0.02,34.881,0.927,0.9940129104687062
"Undersocialized conduct disorder, aggressive type, unspecified",0.874,0.047,16.339,0.928,0.9940129104687062
"Overexertion from strenuous movement or load, initial encounter",0.869,0.041,18.592,0.928,0.9940129104687062
Late effect of fracture of neck of femur,0.867,0.039,19.13,0.928,0.9940129104687062
Allergy to peanuts,0.867,0.039,19.244,0.928,0.9940129104687062
"Overexertion from prolonged static or awkward postures, initial encounter",0.867,0.039,19.054,0.928,0.9940129104687062
"Diabetes with unspecified complication, type II or unspecified type, uncontrolled",1.034,0.491,2.179,0.929,0.9940129104687062
"Closed fracture of cuneiform, foot",0.854,0.027,27.379,0.929,0.9940129104687062
Hereditary peripheral neuropathy,1.094,0.148,8.095,0.93,0.9940129104687062
Pneumonia in other systemic mycoses,0.945,0.265,3.372,0.93,0.9940129104687062
"Osteoarthrosis, localized, secondary, lower leg",0.871,0.04,19.056,0.93,0.9940129104687062
Other plastic surgery for unacceptable cosmetic appearance,0.869,0.038,19.771,0.93,0.9940129104687062
"Thyroid dysfunction of mother, delivered, with or without mention of antepartum condition",0.831,0.013,52.794,0.93,0.9940129104687062
Other specified acquired hypothyroidism,0.972,0.51,1.853,0.931,0.9940129104687062
"Cocaine dependence, unspecified",0.946,0.267,3.348,0.931,0.9940129104687062
"Transient hypertension of pregnancy, delivered , with or without mention of antepartum condition",0.847,0.02,35.386,0.931,0.9940129104687062
"Anxiety state, unspecified",0.996,0.912,1.088,0.932,0.9940129104687062
Postprocedural seroma of a musculoskeletal structure following a musculoskeletal system procedure,0.877,0.044,17.493,0.932,0.9940129104687062
Premenopausal menorrhagia,0.873,0.038,19.828,0.932,0.9940129104687062
"Open wound of forearm, with tendon involvement",0.867,0.033,22.803,0.932,0.9940129104687062
"Rhesus isoimmunization, antepartum condition or complication",0.852,0.022,33.638,0.932,0.9940129104687062
"Unspecified renal disease in pregnancy, without mention of hypertension, delivered, with or without mention of antepartum condition",0.745,0.001,667.153,0.932,0.9940129104687062
Other complications of gastric band procedure,0.885,0.051,15.317,0.933,0.9940129104687062
Urethral diverticulum,0.878,0.042,18.243,0.933,0.9940129104687062
Irregular menstrual cycle,0.873,0.037,20.399,0.933,0.9940129104687062
Keloid scar,0.872,0.036,21.083,0.933,0.9940129104687062
Diffuse cystic mastopathy,0.876,0.037,20.811,0.934,0.9945200561009818
"Osteoarthrosis, localized, secondary, pelvic region and thigh",0.876,0.037,20.579,0.934,0.9945200561009818
"Secondary diabetes mellitus with neurological manifestations, not stated as uncontrolled, or unspecified",1.081,0.163,7.166,0.936,0.9955326421966938
Fall from skateboard,0.88,0.038,20.328,0.936,0.9955326421966938
Accidents caused by other hand tools and implements,0.871,0.029,25.754,0.936,0.9955326421966938
Encounter for insertion of intrauterine contraceptive device,0.864,0.024,31.175,0.936,0.9955326421966938
"Unqualified visual loss, both eyes",1.062,0.24,4.702,0.937,0.9957592385218366
Crushing injury of finger(s),0.867,0.026,29.464,0.937,0.9957592385218366
"Other and unspecified abnormality of organs and soft tissues of pelvis, delivered, with or without mention of antepartum condition",0.747,0.001,1031.501,0.937,0.9957592385218366
"Intrauterine death, affecting management of mother, delivered, with or without mention of antepartum condition",0.763,0.001,688.288,0.938,0.9965429610971172
"Other and unspecified alcohol dependence, in remission",0.99,0.773,1.269,0.939,0.9973262451035253
Anisocoria,0.975,0.501,1.896,0.94,0.9975510204081632
"Complications of transplanted organ, stem cell",0.974,0.487,1.947,0.94,0.9975510204081632
Endometriosis of other specified sites,0.868,0.022,34.067,0.94,0.9975510204081632
Personal history of malignant neoplasm of thyroid,0.986,0.678,1.434,0.941,0.9977754189944134
Late effect of injury due to war operations,0.885,0.034,23.303,0.941,0.9977754189944134
Meningitis in other bacterial diseases classified elsewhere,0.874,0.025,30.898,0.941,0.9977754189944134
Observation following alleged rape or seduction,0.892,0.042,18.94,0.942,0.9982780569514238
Old vaginal laceration,0.881,0.029,26.922,0.942,0.9982780569514238
Hypoparathyroidism,1.044,0.323,3.372,0.943,0.9984463638896628
"Traumatic amputation of thumb (complete)(partial), without mention of complication",0.882,0.028,27.382,0.943,0.9984463638896628
"Abdominal pain, right lower quadrant",0.98,0.559,1.719,0.944,0.9984463638896628
Saddle embolus of pulmonary artery,0.959,0.291,3.153,0.944,0.9984463638896628
Polyphagia,0.888,0.032,24.401,0.944,0.9984463638896628
Arthropathy associated with gastrointestinal conditions other than infections,0.883,0.027,28.874,0.944,0.9984463638896628
Other specified retained foreign body,0.88,0.025,31.119,0.944,0.9984463638896628
Unspecified endocrine disorder,0.886,0.028,27.872,0.945,0.999225626740947
Impacted cerumen,0.966,0.361,2.586,0.946,0.9993917153183208
Abnormal weight gain,0.947,0.197,4.543,0.946,0.9993917153183208
"Eosinophilic gastritis, without mention of hemorrhage",1.124,0.036,35.197,0.947,0.9993917153183208
"Open wound of tongue and floor of mouth, without mention of complication",1.042,0.308,3.527,0.947,0.9993917153183208
"Radiological procedure and radiotherapy as the cause of abnormal reaction of patient, or of later complication, without mention of misadventure at time of procedure",0.987,0.674,1.446,0.947,0.9993917153183208
Other fragments of torsion dystonia,0.887,0.025,30.964,0.947,0.9993917153183208
"Oligohydramnios, delivered, with or without mention of antepartum condition",0.869,0.014,54.788,0.947,0.9993917153183208
"Bipolar I disorder, most recent episode (or current) mixed, severe, specified as with psychotic behavior",0.898,0.035,23.148,0.948,0.9995266209804956
"Benign essential hypertension complicating pregnancy, childbirth, and the puerperium, postpartum condition or complication",0.889,0.026,30.002,0.948,0.9995266209804956
"Arteritis, unspecified",1.024,0.496,2.114,0.949,0.9995266209804956
Unspecified disorder of skin and subcutaneous tissue,0.972,0.414,2.282,0.949,0.9995266209804956
Heart replaced by transplant,0.923,0.082,10.41,0.949,0.9995266209804956
"Breech or other malpresentation successfully converted to cephalic presentation, delivered, with or without mention of antepartum condition",0.882,0.02,39.739,0.949,0.9995266209804956
Injury to digital blood vessels,0.88,0.017,46.236,0.949,0.9995266209804956
"Neurofibromatosis, type 1 (von recklinghausen's disease)",0.922,0.071,12.039,0.95,0.9995266209804956
Injury to ulnar blood vessels,0.879,0.015,50.304,0.95,0.9995266209804956
Other personality disorders,0.895,0.026,30.449,0.951,0.9995266209804956
"Abnormality in fetal heart rate or rhythm, antepartum condition or complication",0.895,0.027,29.949,0.951,0.9995266209804956
"Mental disorders of mother, delivered, with mention of postpartum complication",0.884,0.017,45.981,0.951,0.9995266209804956
"Zygomatic fracture, left side, initial encounter for closed fracture",0.913,0.048,17.468,0.952,0.9995266209804956
Metrorrhagia,0.896,0.025,32.539,0.952,0.9995266209804956
"Other abnormalities in shape or position of gravid uterus and of neighboring structures, antepartum condition or complication",0.891,0.021,37.092,0.952,0.9995266209804956
Mucous polyp of cervix,0.894,0.021,38.857,0.953,0.9995266209804956
Poisoning-antidepressant,1.082,0.075,15.653,0.954,0.9995266209804956
Contusion of upper arm,0.965,0.284,3.274,0.954,0.9995266209804956
Educational circumstances,0.898,0.023,35.44,0.954,0.9995266209804956
"Tumors of body of uterus, delivered, with or without mention of antepartum condition",0.88,0.012,67.328,0.954,0.9995266209804956
"Abdominal or pelvic swelling, mass, or lump, unspecified site",0.97,0.335,2.809,0.955,0.9995266209804956
Deformity of reconstructed breast,0.907,0.031,26.202,0.955,0.9995266209804956
"Breech presentation without mention of version, antepartum condition or complication",0.898,0.022,36.908,0.955,0.9995266209804956
"Open wound of hand except finger(s) alone, with tendon involvement",0.893,0.018,44.608,0.955,0.9995266209804956
Hereditary progressive muscular dystrophy,1.046,0.214,5.102,0.956,0.9995266209804956
Malignant neoplasm of body of stomach,1.033,0.327,3.258,0.956,0.9995266209804956
"Unspecified gastritis and gastroduodenitis, with hemorrhage",1.019,0.52,1.998,0.956,0.9995266209804956
"Epilepsy complicating pregnancy, childbirth, or the puerperium, antepartum condition or complication",0.903,0.023,35.733,0.956,0.9995266209804956
"Other complications due to nervous system device, implant, and graft",0.961,0.225,4.107,0.957,0.9995266209804956
Antacids and antigastric secretion drugs causing adverse effects in therapeutic use,0.955,0.183,4.98,0.957,0.9995266209804956
Genetic torsion dystonia,0.907,0.025,32.42,0.957,0.9995266209804956
"Open wound of other and unspecified parts of neck, without mention of complication",0.949,0.138,6.524,0.958,0.9995266209804956
Assault by human bite,0.907,0.025,32.56,0.958,0.9995266209804956
"Infections of genitourinary tract in pregnancy, delivered, with or without mention of antepartum condition",0.899,0.016,50.483,0.958,0.9995266209804956
Pregnancy resulting from assisted reproductive technology,0.893,0.013,61.918,0.958,0.9995266209804956
Other and unspecified factitious illness,0.899,0.014,58.036,0.96,0.9995266209804956
"Anemia of mother, delivered, with mention of postpartum complication",0.88,0.006,132.573,0.96,0.9995266209804956
"Severe pre-eclampsia, delivered, with or without mention of antepartum condition",0.875,0.005,167.714,0.96,0.9995266209804956
Other specified genital prolapse,0.907,0.016,51.863,0.962,0.9995266209804956
"Cervical shortening, delivered, with or without mention of antepartum condition",0.905,0.013,64.781,0.963,0.9995266209804956
"Diabetes mellitus of mother, complicating pregnancy, childbirth, or the puerperium, delivered, with or without mention of antepartum condition",0.902,0.012,69.647,0.963,0.9995266209804956
"Other specified fetal and placental problems, affecting management of mother, delivered, with or without mention of antepartum condition",0.885,0.005,155.961,0.963,0.9995266209804956
"Major depressive affective disorder, single episode, moderate",0.908,0.014,57.795,0.964,0.9995266209804956
"Rhesus isoimmunization, delivered, with or without mention of antepartum condition",0.89,0.006,136.582,0.964,0.9995266209804956
Personal history of allergy to other anti-infective agent,1.063,0.069,16.445,0.965,0.9995266209804956
"Calculus of bile duct with acute cholecystitis, without mention of obstruction",0.972,0.273,3.468,0.965,0.9995266209804956
Endometrial intraepithelial neoplasia (EIN),0.918,0.019,44.173,0.965,0.9995266209804956
Pregnancy with history of pre-term labor,0.91,0.014,59.346,0.965,0.9995266209804956
Suicide and self-inflicted injury by other specified means,0.905,0.011,75.602,0.965,0.9995266209804956
"Vascular dementia, with delirium",1.014,0.536,1.92,0.966,0.9995266209804956
Transsexualism,0.92,0.02,42.013,0.966,0.9995266209804956
Hirsutism,0.913,0.015,56.294,0.966,0.9995266209804956
Other inflammatory spondylopathies,0.912,0.013,62.078,0.966,0.9995266209804956
"Tobacco use disorder complicating pregnancy, childbirth, or the puerperium, antepartum condition or complication",0.907,0.01,81.43,0.966,0.9995266209804956
"Breech presentation without mention of version, delivered, with or without mention of antepartum condition",0.902,0.007,109.933,0.966,0.9995266209804956
Chronic factitious illness with physical symptoms,0.919,0.016,53.544,0.967,0.9995266209804956
"Late vomiting of pregnancy, antepartum condition or complication",0.919,0.016,52.477,0.967,0.9995266209804956
Family disruption due to divorce or legal separation,0.917,0.016,51.913,0.967,0.9995266209804956
"Tumors of body of uterus, antepartum condition or complication",0.913,0.013,63.293,0.967,0.9995266209804956
Other acquired deformity of other parts of limb,0.952,0.086,10.598,0.968,0.9995266209804956
Poisoning by antitussives,0.92,0.016,52.609,0.968,0.9995266209804956
"Infection following a procedure, deep incisional surgical site, initial encounter",0.92,0.016,53.563,0.968,0.9995266209804956
Other specified organ or tissue replaced by transplant,1.055,0.071,15.692,0.969,0.9995266209804956
"Tricuspid valve disorders, specified as nonrheumatic",0.992,0.65,1.513,0.969,0.9995266209804956
Ptosis of breast,0.922,0.016,54.274,0.969,0.9995266209804956
Other lesion of femoral nerve,0.92,0.014,59.248,0.969,0.9995266209804956
"Other complications of puerperium, delivered, with mention of postpartum complication",0.863,0.001,1373.297,0.969,0.9995266209804956
"Open wound of forearm, complicated",1.042,0.126,8.644,0.97,0.9995266209804956
"Sedative, hypnotic or anxiolytic dependence, continuous",1.048,0.086,12.819,0.971,0.9995266209804956
Human immunodeficiency virus (HIV) disease,1.005,0.766,1.319,0.971,0.9995266209804956
"Pressure ulcer, lower back",0.996,0.82,1.211,0.971,0.9995266209804956
Glycosuria,0.925,0.014,62.45,0.971,0.9995266209804956
"Cord around neck, with compression, complicating labor and delivery, delivered, with or without mention of antepartum condition",0.904,0.004,195.22,0.971,0.9995266209804956
Unspecified psychophysiological malfunction,0.924,0.012,73.067,0.972,0.9995266209804956
"Obesity complicating pregnancy, childbirth, or the puerperium, antepartum condition or complication",0.913,0.006,140.531,0.972,0.9995266209804956
"Mild or unspecified pre-eclampsia, delivered, with or without mention of antepartum condition",0.91,0.005,169.014,0.972,0.9995266209804956
Alcoholic cirrhosis of liver,0.997,0.822,1.208,0.973,0.9995266209804956
Dependent personality disorder,0.925,0.01,89.505,0.973,0.9995266209804956
"Cervical incompetence, delivered, with or without mention of antepartum condition",0.922,0.008,104.718,0.973,0.9995266209804956
"Graft-versus-host disease, unspecified",1.013,0.456,2.252,0.974,0.9995266209804956
"Generalized convulsive epilepsy, without mention of intractable epilepsy",1.01,0.57,1.788,0.974,0.9995266209804956
"Amphetamine and other psychostimulant dependence, unspecified",0.93,0.013,66.987,0.974,0.9995266209804956
"Other specified infectious and parasitic diseases of mother, delivered, with or without mention of antepartum condition",0.905,0.002,395.154,0.974,0.9995266209804956
"Acute myeloid leukemia, in remission",0.99,0.528,1.857,0.975,0.9995266209804956
Perforation of esophagus,0.98,0.284,3.384,0.975,0.9995266209804956
"Infection following a procedure, unspecified, initial encounter",0.941,0.02,43.41,0.975,0.9995266209804956
"Delayed delivery after spontaneous or unspecified rupture of membranes, delivered, with or without mention of antepartum condition",0.916,0.003,242.894,0.975,0.9995266209804956
Other specified diseases of pericardium,1.012,0.465,2.202,0.976,0.9995266209804956
Acute laryngitis without mention of obstruction,1.023,0.207,5.067,0.977,0.9995266209804956
Genu valgum (acquired),0.937,0.011,79.795,0.977,0.9995266209804956
"Unspecified antepartum hemorrhage, delivered, with or without mention of antepartum condition",0.935,0.008,106.126,0.978,0.9995266209804956
Unspecified housing or economic circumstance,0.943,0.011,80.033,0.979,0.9995266209804956
"Other specified trauma to perineum and vulva, delivered, with or without mention of antepartum condition",0.924,0.002,353.696,0.979,0.9995266209804956
"Displacement of nephrostomy catheter, initial encounter",1.037,0.061,17.505,0.98,0.9995266209804956
Other pain disorders related to psychological factors,0.941,0.008,109.366,0.98,0.9995266209804956
Vomiting following gastrointestinal surgery,1.036,0.055,19.688,0.981,0.9995266209804956
Poisoning by sympatholytics (antiadrenergics),1.019,0.217,4.779,0.981,0.9995266209804956
Endometriosis of fallopian tube,0.934,0.004,221.503,0.981,0.9995266209804956
"Placenta previa without hemorrhage, delivered, with or without mention of antepartum condition",0.924,0.001,602.896,0.981,0.9995266209804956
Peritoneal abscess,1.004,0.703,1.434,0.982,0.9995266209804956
"Pyrexia of unknown origin during the puerperium, delivered, with mention of postpartum complication",0.929,0.001,656.608,0.982,0.9995266209804956
Hereditary spastic paraplegia,1.017,0.222,4.666,0.983,0.9995266209804956
Social phobia,0.948,0.007,135.949,0.983,0.9995266209804956
"Other known or suspected fetal abnormality, not elsewhere classified, affecting management of mother, delivered, with or without mention of antepartum condition",0.942,0.004,250.043,0.983,0.9995266209804956
"Acute kidney failure following labor and delivery, delivered, with mention of postpartum complication",0.937,0.002,400.165,0.983,0.9995266209804956
Chronic and other pulmonary manifestations due to radiation,0.987,0.272,3.582,0.984,0.9995266209804956
Schizotypal personality disorder,0.955,0.012,78.361,0.984,0.9995266209804956
Intermittent explosive disorder,0.944,0.003,258.322,0.984,0.9995266209804956
"Transverse or oblique presentation, delivered, with or without mention of antepartum condition",0.943,0.003,343.338,0.984,0.9995266209804956
Somatization disorder,0.956,0.01,88.862,0.985,0.9995266209804956
"Third-degree perineal laceration, delivered, with or without mention of antepartum condition",0.942,0.002,417.282,0.985,0.9995266209804956
"Decreased fetal movements, affecting management of mother, delivered, with or without mention of antepartum condition",0.94,0.002,577.956,0.985,0.9995266209804956
"Primary uterine inertia, delivered, with or without mention of antepartum condition",0.938,0.001,871.043,0.985,0.9995266209804956
Influenza with other respiratory manifestations,0.997,0.675,1.471,0.986,0.9995266209804956
"Cerebrovascular disorders in the puerperium, delivered, with or without mention of antepartum condition",0.952,0.004,215.116,0.986,0.9995266209804956
Normal delivery,0.95,0.003,278.939,0.986,0.9995266209804956
"Other umbilical cord complications complicating labor and delivery, delivered, with or without mention of antepartum condition",0.947,0.002,385.362,0.986,0.9995266209804956
"Third-stage postpartum hemorrhage, delivered, with mention of postpartum complication",0.939,0.001,1677.872,0.987,0.9995266209804956
"Infection following a procedure, superficial incisional surgical site, initial encounter",1.015,0.145,7.085,0.988,0.9995266209804956
"Chronic erythremia, without mention of having achieved remission",1.007,0.405,2.502,0.988,0.9995266209804956
"Localization-related (focal) (partial) epilepsy and epileptic syndromes with complex partial seizures, with intractable epilepsy",1.007,0.386,2.628,0.988,0.9995266209804956
Other and unspecified angina pectoris,0.998,0.815,1.223,0.988,0.9995266209804956
"Intervertebral disc disorder with myelopathy, cervical region",0.993,0.412,2.397,0.988,0.9995266209804956
"Other current conditions classifiable elsewhere of mother, delivered, with mention of postpartum complication",0.941,0.0,2027.507,0.988,0.9995266209804956
"Tobacco use disorder complicating pregnancy, childbirth, or the puerperium, delivered, with or without mention of antepartum condition",0.953,0.001,1256.999,0.989,0.9995266209804956
"Failed medical or unspecified induction of labor, delivered, with or without mention of antepartum condition",0.948,0.0,1947.612,0.989,0.9995266209804956
Personal history of malignant neoplasm of eye,1.009,0.247,4.111,0.99,0.9995266209804956
"Excessive fetal growth, affecting management of mother, delivered, with or without mention of antepartum condition",0.953,0.0,2217.74,0.99,0.9995266209804956
"Other specified malposition or malpresentation, delivered, with or without mention of antepartum condition",0.952,0.0,1982.48,0.99,0.9995266209804956
"Other abnormalities in shape or position of gravid uterus and of neighboring structures, delivered, with or without mention of antepartum condition",0.949,0.0,4118.352,0.99,0.9995266209804956
"Drug dependence of mother, delivered, with or without mention of antepartum condition",0.941,0.0,10270.332,0.99,0.9995266209804956
Chronic hepatitis C with hepatic coma,1.002,0.619,1.622,0.992,0.9995266209804956
Other abnormality of red blood cells,0.985,0.048,20.28,0.992,0.9995266209804956
"Hemorrhage from placenta previa, delivered, with or without mention of antepartum condition",0.965,0.001,1201.236,0.992,0.9995266209804956
Dyspareunia,0.964,0.001,1578.929,0.992,0.9995266209804956
"Polyhydramnios, delivered, with or without mention of antepartum condition",0.963,0.0,2379.992,0.992,0.9995266209804956
"Obstruction caused by malposition of fetus at onset of labor, delivered, with or without mention of antepartum condition",0.962,0.001,1657.164,0.992,0.9995266209804956
"Other venereal diseases of mother, complicating pregnancy, childbirth, or the puerperium, delivered, with or without mention of antepartum condition",0.957,0.0,5648.444,0.992,0.9995266209804956
Suicide and self-inflicted poisoning by tranquilizers and other psychotropic agents,1.007,0.197,5.141,0.993,0.9995266209804956
Hypochondriasis,0.969,0.001,866.743,0.993,0.9995266209804956
Pregnancy with other poor obstetric history,0.968,0.0,2470.482,0.993,0.9995266209804956
"Other and unspecified uterine inertia, delivered, with or without mention of antepartum condition",0.965,0.0,2031.437,0.993,0.9995266209804956
Supervision of high-risk pregnancy with history of infertility,0.965,0.0,2445.004,0.993,0.9995266209804956
"Liver and biliary tract disorders in pregnancy, delivered, with or without mention of antepartum condition",0.964,0.0,3075.879,0.993,0.9995266209804956
"Maternal pyrexia during labor, unspecified, delivered, with or without mention of antepartum condition",0.963,0.0,5555.282,0.993,0.9995266209804956
"Gestational (pregnancy-induced) hypertension without significant proteinuria, complicating childbirth",0.957,0.0,34335.926,0.993,0.9995266209804956
"Spotting complicating pregnancy, delivered, with or without mention of antepartum condition",0.973,0.001,1638.984,0.994,0.9995266209804956
"Recurrent pregnancy loss, delivered, with or without mention of antepartum condition",0.965,0.0,10827.039,0.994,0.9995266209804956
"Phlebitis and thrombophlebitis of upper extremities, unspecified",1.003,0.427,2.355,0.995,0.9995266209804956
Supervision of high-risk pregnancy with history of abortion,0.972,0.0,5466.162,0.995,0.9995266209804956
"Bariatric surgery status complicating pregnancy, childbirth, or the puerperium, delivered, with or without mention of antepartum condition",0.971,0.0,9239.194,0.995,0.9995266209804956
"Other and unspecified cord entanglement, with compression, complicating labor and delivery, delivered, with or without mention of antepartum condition",0.971,0.0,10051.225,0.995,0.9995266209804956
"Other cardiovascular diseases of mother, delivered, with or without mention of antepartum condition",0.97,0.0,18103.722,0.995,0.9995266209804956
"High vaginal laceration, delivered, with or without mention of antepartum condition",0.969,0.0,14000.47,0.995,0.9995266209804956
Acute pain due to trauma,1.002,0.459,2.189,0.996,0.9995266209804956
"Retained portions of placenta or membranes, without hemorrhage, unspecified as to episode of care or not applicable",0.978,0.0,4620.295,0.996,0.9995266209804956
"Retained placenta without hemorrhage, delivered, with mention of postpartum complication",0.977,0.0,21287.645,0.996,0.9995266209804956
"Other complications of labor and delivery, delivered, with mention of postpartum complication",0.975,0.0,38415.5,0.996,0.9995266209804956
"High head at term, delivered, with or without mention of antepartum condition",0.974,0.0,30566.849,0.996,0.9995266209804956
"Shoulder (girdle) dystocia, delivered, with or without mention of antepartum condition",0.974,0.0,40086.485,0.996,0.9995266209804956
Nonspecific abnormal findings in amniotic fluid,0.974,0.0,50646.128,0.996,0.9995266209804956
"Precipitate labor, delivered, with or without mention of antepartum condition",0.972,0.0,79807.054,0.996,0.9995266209804956
"Pre-eclampsia or eclampsia superimposed on pre-existing hypertension, delivered, with or without mention of antepartum condition",0.971,0.0,197992.807,0.996,0.9995266209804956
"Closed fracture of scapula, unspecified part",1.002,0.417,2.405,0.997,0.9995266209804956
Infection with microorganisms resistant to penicillins,0.999,0.592,1.687,0.997,0.9995266209804956
"Unspecified hypertension complicating pregnancy, childbirth, or the puerperium, delivered, with or without mention of antepartum condition",0.98,0.0,9557.887,0.997,0.9995266209804956
"Damage to pelvic joints and ligaments, delivered, with or without mention of antepartum condition",0.98,0.0,115996.359,0.997,0.9995266209804956
"Other complications of labor and delivery, delivered, with or without mention of antepartum condition",0.979,0.0,486831.691,0.997,0.9995266209804956
"Other specified complications of pregnancy, delivered, with mention of postpartum complication",0.978,0.0,71737.574,0.997,0.9995266209804956
"Other injury to pelvic organs, delivered, with or without mention of antepartum condition",0.978,0.0,586425.082,0.997,0.9995266209804956
"Onset (spontaneous) of labor after 37 completed weeks of gestation but before 39 completed weeks gestation, with delivery by (planned) cesarean section, delivered, with or without mention of antepartum condition",0.976,0.0,194467.992,0.997,0.9995266209804956
Contusion of foot,1.003,0.134,7.526,0.998,0.9995266209804956
Acquired absence of both cervix and uterus,1.0,0.754,1.326,0.998,0.9995266209804956
"Epilepsy complicating pregnancy, childbirth, or the puerperium, delivered, with or without mention of antepartum condition",0.986,0.0,2657422.189,0.998,0.9995266209804956
"Other complications of anesthesia or other sedation in labor and delivery, delivered, with or without mention of antepartum condition",0.986,0.0,591318.42,0.998,0.9995266209804956
"Pre-existing hypertension with pre-eclampsia, complicating childbirth",0.985,0.0,2629788.262,0.998,0.9995266209804956
Supervision of high-risk pregnancy with insufficient prenatal care,0.985,0.0,198484.892,0.998,0.9995266209804956
"Prolapse of cord complicating labor and delivery, delivered, with or without mention of antepartum condition",0.984,0.0,113522.435,0.998,0.9995266209804956
Severe pre-eclampsia complicating childbirth,0.98,0.0,4855951.27,0.998,0.9995266209804956
"Fetopelvic disproportion, delivered, with or without mention of antepartum condition",0.978,0.0,1524442.151,0.998,0.9995266209804956
Scar conditions and fibrosis of skin,1.001,0.253,3.961,0.999,0.9995266209804956
"Poisoning by analgesics, antipyretics, and antirheumatics, undetermined whether accidentally or purposely inflicted",1.001,0.184,5.46,0.999,0.9995266209804956
"Bone and joint disorders of back, pelvis, and lower limbs of mother, delivered, with or without mention of antepartum condition",0.993,0.0,2564405154.863,0.999,0.9995266209804956
"Mild to moderate pre-eclampsia, complicating childbirth",0.989,0.0,14287951.623,0.999,0.9995266209804956
"Unspecified pre-eclampsia, complicating childbirth",0.989,0.0,361750141.594,0.999,0.9995266209804956
"Other pre-existing hypertension, complicating pregnancy, childbirth, and the puerperium, delivered, with or without mention of antepartum condition",0.988,0.0,1125242.788,0.999,0.9995266209804956
"Congenital abnormalities of uterus, delivered, with or without mention of antepartum condition",0.988,0.0,38523717.08,0.999,0.9995266209804956
"Prolonged second stage of labor, delivered, with or without mention of antepartum condition",0.988,0.0,53952719.319,0.999,0.9995266209804956
"Maternal hypotension syndrome, delivered, with or without mention of antepartum condition",0.988,0.0,936215.237,0.999,0.9995266209804956
"Other venous complications of pregnancy and the puerperium, delivered, with mention of postpartum complication",0.988,0.0,11080127.975,0.999,0.9995266209804956
"Other congenital or acquired abnormality of cervix, delivered, with or without mention of antepartum condition",0.987,0.0,2440828.709,0.999,0.9995266209804956
"Deep transverse arrest and persistent occipitoposterior position, delivered, with or without mention of antepartum condition",0.987,0.0,1351574.837,0.999,0.9995266209804956
"Laceration of cervix, delivered, with or without mention of antepartum condition",0.987,0.0,16399541.344,0.999,0.9995266209804956
"Other complications of anesthesia or other sedation in labor and delivery, delivered, with mention of postpartum complication",0.987,0.0,115887201715.406,0.999,0.9995266209804956
"Other venous complications of pregnancy and the puerperium, delivered, with or without mention of antepartum condition",0.986,0.0,3156975.286,0.999,0.9995266209804956
"Obstruction by bony pelvis during labor, delivered, with or without mention of antepartum condition",0.985,0.0,8027375.645,0.999,0.9995266209804956
"Unspecified failed trial of labor, delivered, with or without mention of antepartum condition",0.985,0.0,26227860.498,0.999,0.9995266209804956
"Other placental conditions, affecting management of mother, delivered, with or without mention of antepartum condition",1.001,0.0,7933.847,1.0,1.0
"Generalized infection during labor, delivered, with or without mention of antepartum condition",0.993,0.0,628550818895.407,1.0,1.0
